Bovine_OF,Bovine_OEV,Feline_OEV,Porcine_OEV,Dunnart_OF,Equine_OF,Human_OF,Canine_OF
A1BG,ANXA2,A1BG,AAK1,AGPS,DYNC1H1,MYH9,E2RAZ6
A2M,ANXA1,A2M,AARSD1,AHSA2P,IQGAP1,TKT,F1PTS8
AAK1,ANXA4,A2ML1,Abca2,AK7,MYH9,VCP,F1PLA1
AARSD1,ANXA5,AASS,Abcb1a,ANKS1A,VCP,AHCY,E2QXY7
ABCE1,PRSS3,ABCD3,Abcc3,ARMC4,ALB ,AKR1A1,E2R129
ABCF1,CD109,ABCE1,Abce1,ATXN2,PGM1,TBCA,Q4LAL9
ABHD14B,MYH9,ACACB,ABCF1,BOD1L1,EZR,CSRP1,E2RKF3
ABI1,TUBA1A,ACAD8,Abcf2,CAPS,FASN,NME2,E2RL88
ABI2,TUBB4B,ACADM,Abhd14b,CCDC187,UBA1,GDI2,E2REA4
ABR,OVGP1,ACADS,Abhd16a,CFAP298,HSP90AA1,GPI,E2RMQ3
ACAT1,CLIC1,ACADSB,Abhd17a,CFAP53,PKM,RAN,J9P980
ACE,HSPA1A,ACADVL,Abhd17c,CFAP70,NPEPPS,SLC9A3R1,J9P9R6
ACLY,UPK3BL,ACAT1,ABI1,CLUAP1,ENO1,GLO1,J9P309
ACO1,MUC16,ACE,ABI2,CSTF2,ANXA1,ARHGDIA,J9NVL9
ACO2,ENPP3,ACLY,ABR,DAW1,GFPT1,HNRNPD,E2RRB7
ACOT11,EEF1A1,ACO1,Acap2,DNAAF1,SELENBP1,TUBB+A:B,F1PIG2
ACOT7,ANXA8,ACO2,acat1-a,DNAAF2,HSPA8,GALM,E2RB79
ACSL4,EZR,ACSF2,Ace,DNAAF3,EEF2,MTPN,F1PRS3
ACTA2,CD9,ACTA1,ACO1,DNAAF5,ACO1,YWHAE,F1P634
ACTB,ANXA11,ACTA2,ACOT11,DNAH1,TKT,CNDP2,F1PWM2
ACTBL2,GAPDH,ACTB,ACOT7,DNAH5,CAP1,UBA1,E2RCY1
ACTG1,ATP1A1,ACTBL2,ACSL3,DNAH6,EPRS1,CLIC1,F1PG08
ACTN1,FLNB,ACTC1,ACSL4,DNAH7,HSPH1,ACTN4,J9P7S4
ACTN4,UBC,ACTG1,ACTB,DNAI1,LDHA,EEF2,J9P4M5
ACTR10,HSP90AA1,ACTG2,actc1,DNAI2,ALDH1A2,S100A11,E2RL90
ACTR1A,CLTC,ACTN1,ACTN4,DNALI1,FLNA,TALDO1,E2RCY8
ACTR1B,CDC42,ACTN2,Actr10,DYNC2LI1,G6PD,ANXA1,E2R5Q1
ACTR2,ALB,ACTN4,Actr1a,FBXL12,CNDP1,CLF1,J9NZK4
ACTR3,ALDH1A1,ACTR10,actr2-b,GDPD2,APOA1,PGAM1,F1PK66
ACTR3B,CFL1,ACTR1A,Actr3,HSPB11,GAPDH,EZR,E2QS43
ADD1,ENO1,ACTR1B,ADAM10,HTRA1,CAND1,ASRGL1,F1P895
ADD3,S100A11,ACTR2,ADAM9,HYDIN,PGK1,CALM1,F1Q444
ADGB,DMBT1,ACTR3,ADD3,IFT22,TF ,AK1A1,E2RDB9
ADH5,SLC9A3R1,ACTR3B,Adgb,IFT52,PHGDH,PTMA,E2RL17
ADIPOQ,PPIA,ADCY9,ADH5,IFT57,IDH1,MDH1,F6V9R9
ADRM1,RAB5C,ADD1,ADRBK2,IFT74,LAP3,CKB,E2R561
AFAP1L2,NT5E,ADD2,ADRM1,IFT80,MDH1,LGALS3,E2RDB2
AFM,HSPB1,ADD3,ADSS,IFT81,PKHD1L1,TUBA1A,E2R9F5
AGO1,PKM,ADGB,AGO1,IFT88,VCL,PFN1,E2RSR5
AGO2,LGALS3,ADIPOQ,AGO2,ISYNA1,TARS1,PRDX5,J9JHD9
AGR2,AHNAK,ADNP2,AGR2,KCNRG,TKFC,HMGB1,P00011
AGRN,EEF2,AFAP1L2,Ahcyl1,KIAA1211L,UGP2,ANXA5,F1PYU9
AHCY,DYNC1H1,AFM,AHNAK,KIFBP,HSPA4,ALDH1A1,F1P6N7
AHCYL1,CPNE3,AFMID,Aida,LGALS2,GDI1,HSPA8,F1P841
AHCYL2,VCP,AFP,AIFM1,LOC100914901,WDR1,ALDOA,F1PXL3
AHNAK,STOM,Ago1,AIM1,LOC100933649,STIP1,HSPA1A,F1PVA2
AHSG,GNB2,AGO2,AIMP1,LOC100934806,ACY1,CYTB,F1Q286
AIDA,HSPA8,AGO4,AIMP2,LRRC23,MTHFD1,SELENBP1,E2QVU9
AIMP1,GNAI2,AGR2,AK1,LRRC6,LDHB,HSP90AA1,E2RJ31
AIMP2,CAPN5,AGRN,AK7,LSM12,PYGB,PGK1,J9NY44
AK1,PEBP1,AHCY,AK9,MAP7,PRDX6,PARK7,E2QSF4
AK7,ATIC,AHCYL1,Akap10,MBNL2,TCP1,ENO1,F6Y5Z5
AK8,MUC4,AHCYL2,AKAP13,MORN1,TALDO1,PKM,F1PMG8
AK9,ALDOA,AHNAK,AKAP9,MOV10,HSPA1A,YWHAZ,E2RFJ7
AKAP10,PDIA3,AHSG,AKR1A1,MSI2,CLTC,TUBB4B,E2RRC9
AKAP13,MYO6,AIFM1,Akt2,MYCBPAP,AHCY,PRDX6,F6Y3Y5
AKAP9,TAGLN2,AIG1,AKTIP,NBEA,CKB,GSTP1,J9NX28
AKR1A1,UPK1B,AIMP2,Alad,NME5,TYMP,PRDX1,J9NVG6
AKT2,BASP1,AK1,Aldh1a1,NME9,GOT1,TXN,F1PR41
AKTIP,RPL4,AK8,ALDH1A2,NOS1,HSP90AB1 ,TPI1,F6UYJ9
ALAD,MYH14,AK9,Aldh1a3,PIGR,ALDOA,PEBP1,E2RRC6
ALB,GNAQ,AKR1A1,ALDH3B1,PIH1D1,YWHAE,SOD1,F1PNM2
ALDH16A1,RAC1,ALB,Aldh7a1,PIH1D2,ANXA5,TPPP3,J9P788
ALDH1A1,MSN,ALCAM,ALDH9A1,PLB1,CCT4,PPIA,F1Q1K6
ALDH1A2,MSLN,ALDH16A1,ALDOA,PRMT9,PAICS,GAPDH,E2R8A8
ALDH1A3,PGK1,ALDH18A1,ALDOC,ROPN1L,AHNAK,ACTB,F1PXU1
ALDH2,LGALS1,ALDH1A1,ALG2,RPAP3,PPP2R1A,CAPS,J9NWY1
ALDH3A2,TPI1,ALDH1A2,ALPL,RSPH4A,AGL,GSN,F1PIS0
ALDH3B1,FN1,ALDH1A3,ALS2,RSPH9,FKBP4,CFB,E2R8A2
ALDH7A1,PRDX6,ALDH1B1,AMPD3,RUVBL1,PGD,CFH,F1PGL4
ALDH9A1,GSTP1,ALDH1L1,AMY2B,RUVBL2,EEF1A1 ,APOC3,E2R2N2
ALDOA,FLNA,ALDH1L2,ANAPC1,SCAMP1,TPPP3,CFI,F1Q0Z2
ALDOB,FLNC,ALDH2,ANAPC4,SPA17,HBB ,FN1,E2RRQ7
ALDOC,DSTN,aldh3a1,ANAPC5,SPAG1,ATIC,C4BPA,Q5WR10
ALPL,GNAS,ALDH3A2,ANGPTL2,STK33,NASP,OVGP1,E2RRQ3
ALS2,PDCD6IP,ALDH3B1,Ank2,TBPL1,THOP1,ANXA2,F1PBS6
ALYREF,HSPA5,ALDH4A1,Ank3,TCTE1,XPNPEP1,QOR,E2RET1
AMY2B,CLU,ALDH5A1,ANKFY1,TOMM34,YWHAZ,EF1A1,J9P1N0
ANAPC1,FASN,ALDH6A1,ANKHD1,TTC12,ENSECAG00000000612,F10A1,E2RLU9
ANK3,PGAM4,ALDH7A1,ANKRD28,TTC21A,CLIC1,TTHY,E2RPY9
ANKFY1,PDLIM1,ALDH9A1,ANKRD42,TTC30B,SERPINB6,PLMN,F1PBJ4
ANKHD1,TKT,ALDOA,ANKRD44,UBAP2,WARS1,STIP1,F1PVI2
ANKRD28,HSP90AB1,ALDOB,Anks1a,UBXN11,CLU ,ROA2,E2QZ50
ANKRD44,ITGB1,ALDOC,ANO6,WDR78,GSTM3,LG3BP,F1Q088
ANKS1A,PRDX2,ALPL,ANXA1,WNK4,PRDX1,DDAH1,F1Q466
ANO6,CPNE1,ALS2,ANXA11,A2M,SNCG,IF5A1,E2QWV5
ANPEP,IQGAP1,ALYREF,ANXA2,AACS,DARS1,HS90B,F1PC72
ANXA1,RAP1B,AMOTL1,ANXA4,AAK1,PEBP1,MYL6,F1PR95
ANXA11,GSN,AMOTL2,ANXA5,AAMDC,GPD1,HSPB1,F6V1W9
ANXA2,GNA11,AMY2B,ANXA6,AAMP,SERPINB1 ,GLOD4,E2RIV1
ANXA3,RPL6,ANO7,ANXA7,AARS1,ENSECAG00000009766,SPRL1,F6V0D8
ANXA4,EHD1,ANXA1,AP1B1,ABCB6,CCT8,,E2QYZ0
ANXA5,HSP90B1,ANXA11,Ap1g1,ABCB7,IPO5,,E2RCL4
ANXA6,MIF,ANXA2,AP1G2,ABCD3,KPNB1,,J9NS87
ANXA7,GPRC5C,ANXA3,AP1M1,ABCE1,CAPN1,,E2RTB1
ANXA8,CDK14,ANXA4,AP1M2,ABCF1,CCT3,,J9NS83
AP1B1,BAIAP2,ANXA5,AP1S1,ABCF3,TTC38,,J9P5N6
AP1G1,CD46,ANXA6,AP2A1,ABCG2,TPI1,,P38377
AP1G2,RPL7L1,ANXA7,AP2A2,ABHD10,CCT2,,E2R8N9
AP1M1,MUC1,AP1B1,AP2B1,ABHD11,DCXR,,F1PBT3
AP1M2,RPL7A,AP1G1,AP2M1,ABHD12,FAH,,J9P2X4
AP1S1,ACTBL2,ap1g2,AP2S1,ABHD14B,CAPN2,,F6PME1
AP2A1,PDLIM5,AP1M2,AP3B1,ABI1,CAPS,,E2R4I1
AP2A2,CRIP2,AP2A1,AP3D1,ABR,GDI2,,F1PY05
AP2B1,YWHAZ,AP2A2,Ap3m1,ABRAXAS2,SMS,,F1PLR0
AP2M1,PI4KA,AP2B1,APIP,ACAA1,HCFC2,,F1PLR5
AP3B1,RPL18,AP2M1,APMAP,ACAA2,PSME1,,F6X6K8
AP3D1,RPL3,AP2S1,APOB,ACACA,AKR1B1,,E2RGQ5
AP3M1,RPL12,AP3S1,Appl1,ACAD8,EEF1G ,,E2QZG2
AP3S1,ANXA3,APEX1,APPL2,ACADL,A1BG,,A0A0B4J1A2
APEX1,RAB7A,APLF,ARAF,ACADM,DPP3,,E2RKQ6
APIP,EPCAM,APOA1,Arcn1,ACADS,MYH10,,J9P3G1
APOA1,S100A14,APOB,Arf1,ACADSB,CD109,,J9P1E9
APOB,RPSA,APOE,ARF5,ACADVL,CCT7,,F1PBZ4
APOE,STXBP2,APOH,Arf6,ACAP2,PGAM1,,E2RHW4
APOH,RALA,APOO,ARFGEF1,ACAT1,GSS,,F6X637
APPL1,CCT7,APPL1,ARFGEF2,ACAT2,PFKL,,E2RHW7
APPL2,EIF4A2,appl2,Arfip1,ACBD6,CCT5,,E2RAY0
ARAF,CLIC4,AQP5,ARFIP2,ACLY,ENSECAG00000021580,,F1PHS5
ARCN1,PGD,ARAP2,Arhgap1,ACO1,ENG,,F1PQM1
ARF3,PRDX1,ARCN1,ARHGAP17,ACO2,NUDC,,F1PE32
ARF4,RPS4X,ARF1,ARHGAP35,ACOT7,CAT,,E2R7W6
ARF5,RPS8,ARF3,ARHGAP5,ACOT9,ENSECAG00000020129,,E2RGH5
ARF6,TXN,ARF4,Arhgdia,ACOX1,ASL,,F1PTL1
ARFGEF1,CNDP2,ARF5,Arhgef1,ACP1,ALAD,,E2RJ26
ARFGEF2,PARK7,ARF6,ARHGEF10L,ACP1.1,PSMD2,,E2RA22
ARFIP1,A2M,ARFGEF1,ARHGEF11,ACP2,TAGLN2,,E2R1D1
ARFIP2,RNH1,ARHGDIA,ARHGEF12,ACP3,ACLY,,O18740
ARHGAP1,CHMP4B,ARHGEF15,ARHGEF26,ACP6,ANXA4,,E2R9T6
ARHGAP17,MAP4,ARL6IP5,ARHGEF5,ACSBG1,ADH5,,F6V5G7
ARHGAP35,YWHAQ,ARMC4,ARHGEF7,ACSBG2,GSN ,,E2R5F7
ARHGAP5,RAB11B,ARPC1A,ARIH2,ACSL1,HSPB1,,E2R5M7
ARHGDIA,RAB1A,ARPC1B,Arl1,ACSL3,LZTFL1,,E2R5M3
ARHGEF1,PCBP1,ARPC2,Arl2,ACSS1,HPRT1,,J9P9G4
ARHGEF12,RPL13,ARPC4,ARL3,ACSS2,GARS1,,F1Q2K6
ARHGEF5,GLIPR2,ARPC5L,ARL6,ACSS3,NSFL1C,,L7N0C2
ARHGEF7,UBA1,ARRB1,ARL8B,ACTA1,ISYNA1,,J9P3K0
ARIH2,RPL18A,ASAH1,ARMC3,ACTA2,ENSECAG00000019352,,F1PNI3
ARL1,TGM2,ASNA1,ARMC4,ACTG1,PGLS,,E2R7F3
ARL2,GNB1,ASPM,ARMC8,ACTG2,PPIA,,P24643
ARL3,CTNNA1,ATG7,Arpc1a,ACTL6A,PSME2,,E2RRH1
ARL6,FAM129B,ATL3,ARPC1B,ACTN1,QDPR,,E2QTL3
ARMC3,LASP1,ATP12A,Arpc2,ACTN4,RUVBL1,,F1PUM3
ARMC4,SEPT2,ATP1A1,Arpc3,ACTR10,A2M,,E2RE13
ARMC8,CSRP1,ATP1A2,Arpc4,ACTR1B,CFL1,,P60524
ARPC1A,RPL19,ATP1A3,Arpc5,ACTR2,PA2G4 ,,E2RGZ5
ARPC1B,MYO10,ATP1A4,Asap2,ACTR3,ACTN4,,E2QY85
ARPC2,ATP2B1,ATP1B1,ASCC3,ACY1,NME2,,E2RGZ9
ARPC3,PABPC1,ATP2A1,Asna1,ADA,CASP6,,E2RPD7
ARPC4,RPL11,ATP2A3,ASNS,ADAM10,CRYZ,,E2RSL5
ARPC5,TLN1,ATP2B1,ASPH,ADD2,ACTR3,,F1PIC7
ARPC5L,CAP1,ATP2B2,ATG2B,ADD3,ALDH7A1,,J9PB72
ARRB1,CCT8,ATP2B3,ATIC,ADGRE5,RACK1,,E2RGT2
ASAP2,FKBP4,ATP2B4,ATL2,ADI1,RPSA,,F1PKR6
ASNS,ABHD14B,ATP4A,ATL3,ADIPOQ,HNRNPK,,E2RM92
ATG2B,LLGL1,ATP5A1,ATP11B,ADK,C23H9orf64,,F1PHZ3
ATG7,VASP,ATP5B,Atp13a1,ADO,NARS1,,E2R3V2
ATIC,HSPA4,ATP5C1,ATP2A2,ADPGK,PGM2L1,,F6X834
ATP1A1,PODXL,ATP5D,ATP2B1,ADPRH,PARK7,,F1PXY4
ATP1B1,STX3,ATP5F1,ATP2B2,ADPRS,EML1,,F1PBV2
ATP2B1,RPL27A,ATP5G1,Atp2c1,ADRM1,RPS3,,E2QWD1
ATP2B2,VPS4B,ATP5G2,ATP5B,ADSL,PSMD1,,E2RJ93
ATP2B4,MYOF,ATP5G3,ATP6V0A1,ADSS1,GLOD4,,E2QTN0
ATP6V0D1,NPTN,ATP5O,ATP6V0D1,AEBP1,PSMA7,,F1Q0L5
ATP6V1A,RPS7,ATP6V1A,Atp6v1a,AFDN,RAB11B,,E2R474
ATP6V1B1,RPS5,ATP6V1B1,ATP6V1B1,AFTPH,TGM2,,F1Q3J7
ATP6V1B2,FGFR2,ATP6V1B2,Atp6v1b2,AGL,CTH,,E2RCM8
ATP6V1C1,CAPN1,ATP6V1C1,Atp6v1c1,AGO1,EPHX2,,F1P7F8
ATP6V1D,CYFIP1,ATP6V1D,ATP6V1D,AGO2,CCT6A,,F1PK29
ATP6V1E1,NDRG1,ATP6V1H,Atp6v1e1,AGPAT5,PSMA1,,J9P7Y9
ATP6V1G3,CAPZA1,ATPIF1,atp6v1g3,AGR2,ALDH9A1,,J9P7Y8
ATP6V1H,ARF4,AUH,ATP6V1H,AGT,RPL7A,,E2QUK2
ATP8B2,SRC,AURKB,Atp7a,AGXT2,PGM2,,A0A1W2NCW3
BAG5,IDH1,BASP1,ATP8B1,AHCY,SERPINC1,,F1PVU1
BAG6,SCAMP1,bcam,Atp8b2,AHCYL1,LTA4H,,E2REV4
BAIAP2,AK1,BCAP29,Atp9b,AHCYL2,VARS1,,G1K288
BAIAP2L1,TPPP3,BCAP31,Atrn,AHNAK,RPS9,,G1K267
BASP1,IGHM,BCLAF1,B9D1,AHNAK2.1,ST13,,F1PBA1
BAX,RARRES1,BHMT,Bag5,AHSA1,DPYSL2,,E2RRM5
BBS1,CAPS,BLMH,BAG6,AHSG,PSMD11,,E2RD86
BBS2,SEC31A,BMP2K,BAIAP2L1,AIDA,RPS4X,,F6Y478
BBS4,ALDH3B1,BNC1,BASP1,AIF1L,RPS3A,,E2RP26
BBS5,VWA7,BNC2,BAX,AIMP1,RARS1,,E2QYN4
BBS7,FGB,BPHL,BBS1,AIMP2,GPD1L,,J9P1C6
BBS9,MTHFD1,BPNT1,Bbs2,AIP,HUWE1,,F1PEA6
BCAM,ATP2B2,BTBD16,BBS4,AK1,PSMD3,,E2R1S5
BCR,PYCRL,BUB3,BBS5,AK2,PPA1,,E2RMR3
BDH2,CLTA,C1QC,BBS7,AK3,PGFS ,,F1PA33
BECN1,SNAP23,C5,BBS9,AKAP10,PLIN4,,E2QXU5
BICD2,SRI,CA2,Bcap31,AKAP12,OSCP1,,Q9GKK4
BIRC6,TF,CA3H2orf70,Bcr,AKAP13,PYGL,,F1PHE5
BLMH,RUVBL1,CAD,Bdh2,AKAP9,PSMA3,,J9P3Q3
BPNT1,RUVBL2,CADM1,becn1,AKR1A1,ITIH1,,J9P7P2
BRCC3,GDI2,CALD1,Bet1,AKR1D1,ENSECAG00000037149,,E2RES2
BROX,SEC14L3,CALR,Bicd2,AKT1,RPLP0,,H9GW54
BUB3,FGG,CALU,BIRC6,AKT2,PTGR2,,F1Q424
BZW1,GGT1,CAMK2A,BLMH,AKTIP,CAPNS1,,E2R461
BZW2,TMC4,CAMK2D,Bpnt1,ALAD,AKR7A2,,F6XFZ9
C1QC,PDXK,CAMK2G,Brcc3,ALCAM,RAN,,F1PRL5
C2CD5,NUDC,CAND1,BRE,ALDH16A1,ENSECAG00000008615,,F1PRL8
C3,HSPA4L,CAND2,BROX,ALDH18A1,APRT,,E2R4D5
C5,FGA,CANX,Btbd17,ALDH1A2,YWHAQ,,F1P9C4
CA2,STXBP1,CAP1,Bzw1,ALDH1A3,ADK,,J9NV93
CAB39,OSCP1,CAP2,BZW2,ALDH1L1,CDC37,,J9NV90
CACYBP,SEC23IP,CAPG,C10orf76,ALDH2,FLNB,,E2RQ14
CAD,ANXA7,CAPN1,C12orf4,ALDH3A2,DDT,,F1PUX4
CALCOCO1,SLC44A4,CAPN2,C16orf62,ALDH3B1,PSMC6,,J9NXY7
CALD1,AARS,CAPN5,C2CD5,ALDH4A1,ESD,,F1PZ47
CALR,RPL8,CAPNS1,C3,ALDH5A1,RPS2,,E2QUB9
CALU,UBR4,CAPNS2,C4B,ALDH6A1,ARHGAP18,,F1PPI5
CAMK2D,AQP5,CAPRIN1,C9orf117,ALDH7A1,PSMD12,,E2R268
CAMK2G,DYNC1I2,CAPS,CAB39,ALDH9A1,BLVRB,,F1Q013
CAND1,IGL,CAPSL,Cacna2d1,ALDOA,PDCD4,,J9NU00
CAND2,MVP,CAPZA1,CACYBP,ALDOC,PRDX5,,J9P0R0
CANX,C3,CAPZB,CAD,ALG12,PSMD6,,E2R0T9
CAP1,APOH,CARMIL1,CADPS2,ALPL,ALDH1L1,,J9NU05
CAP2,ACE,CARS,CALCOCO1,ALYREF,MSN,,F1PS73
CAPG,FHL1,CASK,calm1a,AMBP,DNPEP,,J9P0R7
CAPN1,ANPEP,CASP10,CALML5,AMDHD2,GRHPR,,E2REK3
CAPN2,LRBA,CAST,Calr,AMPD2,SERPINB9,,E2R0T6
CAPN5,EPHX2,CAT,Camk2d,AMPD3,PAFAH1B3,,F1PZL7
CAPN7,ACTR1A,CAV1,Camk2g,ANK1.1,PRMT5,,F1PZL5
CAPNS1,CKB,CAV3,CAND1,ANK3,GALM,,F1PBH0
CAPRIN1,ST13,cbr3,Canx,ANKFY1,RPS5,,P60467
CAPS,YBX1,CBR4,CAPG,ANKMY2,YWHAB,,E2R8D6
CAPSL,PROM1,CC1H1orf158,CAPN2,ANKRD28,ENSECAG00000013962,,F6XJB3
CAPZA1,WDR54,CC2H21orf33,Capn7,ANKRD40,PRPS2,,E2RMK6
CAPZA2,SLC4A1,CCAR1,CAPNS1,ANKRD44,SPI2,,F1PU09
CAPZB,NME9,CCAR2,Caprin1,ANP32A,GSR,,F1PFC6
CARM1,SELENBP1,CCDC113,CAPSL,ANP32B,TTR,,F1PRE1
CARMIL1,AP2B1,CCDC114,Capza1,ANP32E,ALDH16A1,,F1PU69
CASK,SLC29A1,CCDC13,CAPZA2,ANPEP,PSMA4,,J9NYC2
CAST,DGKB,CCDC170,Capzb,ANXA10,KCTD12,,J9P8U0
CAT,RPS6,CCDC173,Carm1,ANXA11,GSTO1,,E2R9Q7
CAV1,TCTE1,CCDC181,Casc4,ANXA2,EML2,,E2RQG8
CBR3,HBA2,ccdc187,Cask,ANXA4,CAST,,J9NUG0
CC2D1B,CRB2,CCDC22,CASP14,ANXA5,RPS7,,E2R4M0
CCAR2,RSPH4A,CCDC39,Cat,ANXA6.1,CAPZB,,E2R944
CCDC186,GNAI3,CCDC40,CAV1,ANXA9,RO60,,F1Q331
CCDC22,HNRNPK,CCDC6,CC2D1B,AOX1,ACTR2,,F1Q332
CCDC6,CIB1,CCDC88C,CC2D2A,AP1G1,AHCYL1,,F1Q0N7
CCDC91,AK7,CCDC91,CCDC13,AP1M1,ANXA7,,E2R412
CCDC93,HBB,CCDC93,Ccdc132,AP1M2,PSMA6,,E2R413
CCM2,IGLL1,CCT2,CCDC173,AP1S2,PSMB8,,E2QYQ0
CCNY,DPYSL3,CCT3,CCDC180,AP2A1,GC,,F1PMV2
CCT2,PDIA6,CCT4,CCDC186,AP2A2.1,ARHGDIA,,E2R948
CCT3,LRRFIP1,CCT5,Ccdc22,AP2B1,PFKP,,F1PD76
CCT4,SPAG1,CCT6A,Ccdc47,AP2M1,RUVBL2,,F1PD77
CCT5,FBXW9,CCT6B,Ccdc6,AP2S1,PFAS,,E2QUE7
CCT6A,RNPEP,CCT7,CCDC91,AP3B1,TXN,,E2R541
CCT6B,SYTL1,CCT8,Ccdc93,AP3D1,UBE2N,,E2QYD2
CCT7,MARCKSL1,CD109,CCM2,AP3M1,GFUS,,J9P3J8
CCT8,NSFL1C,CD177,CCNY,AP3S1,EEF1B2,,E2RMT4
CD109,NAPG,CD2AP,CCT3,AP4B1,PCBP2,,J9P3J1
CD2AP,PRPS2,CD55,CCT4,APBB1,SERBP1,,F1PGN6
CD55,DYNC1LI1,CD59,CCT5,APEH,TUBA1A,,J9PBE1
CD5L,RPS3,CD5L,CCT6A,APEX1,ARPC2,,J9P8R0
CD9,KIF13B,CD63,CCT7,API5,SLC9A3R1,,P62490
CDC16,DCXR,CD9,CCT8,APIP,PSMA2,,J9P915
CDC37,RPLP0,CDC42,CD109,APMAP,PFKM ,,E2REP2
CDC42,ROPN1L,CDH1,CD2AP,APOA1,PSMD5,,E2RDX2
CDC42BPA,CCT4,CDK5RAP3,Cdc16,APOA2,DDX39B,,F1PBH4
CDC42BPB,DDX17,CE3H16orf89,CDC23,APOB,ATP6V1B2,,F1PTZ7
CDC42BPG,AIMP1,CEACAM1,CDC37,APOBEC2,HDGF,,F1PUA2
CDH1,PPP1R16A,CECR2,Cdc42,APOE,TWF1,,E2QWG8
CDK1,RPS17,cenpv,CDC42BPA,APOH,EIF5A ,,F1PHR6
CDK5RAP3,RPL14,CEP128,CDC42BPB,APOO,ENSECAG00000024946,,F1PNE0
CEMIP,PSMC4,CEP131,CDC42BPG,APPL1,ARPC4,,F1PTZ9
CETN2,SLC44A1,CEP135,CDH13,APRT,IARS1,,E2RB90
CFAP20,MFGE8,CEP55,CDHR3,ARAP1,KYAT1,,F1PYG8
CFAP52,LY6G6C,CEP57L1,Cdk1,ARCN1,PSMC3,,J9NWH9
CFAP57,MYO1C,cetn2,CELF1,ARF1,QARS1,,F1PQN5
CFAP70,MYO1B,CFAP45,CEMIP,ARF4,RPL13,,J9P858
CFL1,EPS8L2,CFAP52,CEP112,ARF6,DCTN2,,E2RH87
CFL2,PLEC,CFAP53,Cetn2,ARFGAP3,SCRN2,,P33724
CGN,S100A4,cfap57,cfap20,ARFGEF1,PPP2CB,,F1Q2U8
CHID1,ATP5A1,CFAP58,CFAP52,ARFGEF3,KARS1,,F1P9U4
CHMP4B,EHD4,CFAP70,CFAP57,ARFIP1,PREP,,F1P9H9
CHMP5,MYO1D,cfap73,CFAP58,ARFIP2,SUOX,,E2RAE2
CHORDC1,HSPD1,CFL1,CFAP69,ARG1,HIF3A,,F1PFZ5
CIAO1,HSPA9,CFL2,CFAP70,ARHGAP1,YWHAG,,F1PUR8
CIB1,HSPG2,CGN,CFL1,ARHGAP17,COPS2,,F1PFZ7
CKAP4,GPRC5A,CHCHD3,CFTR,ARHGAP27,RPL5,,E2R1A0
CKAP5,MDH2,CHCHD6,Cgn,ARHGAP6,PPID,,P62999
CKB,SLC25A5,CHD3,CHMP4B,ARHGDIA,FTH1,,E2QRT0
CKM,ACTN4,CHD4,CHMP5,ARHGDIB,RPS19,,J9P2I7
CLIC1,CKMT1B,CHD5,CHMP6,ARHGDIG,MYL6,,E2RAU6
CLIC2,S100A16,CHID1,CHORDC1,ARHGEF1,PSMC5,,E2RAU5
CLIC4,HSPE1,CHTOP,Cisd2,ARHGEF10L,CMPK1,,J9PBD3
CLIC5,PFN2,CIAO1,CKAP4,ARHGEF12,MYO6,,F1Q2N5
CLINT1,ATP5B,CIB1,CKAP5,ARHGEF17,LRBA,,F1PDZ7
CLIP1,CRYAB,CISD1,CKB,ARHGEF28,IMPA1,,F1PHQ0
CLTA,PVR,CKAP4,CLIC1,ARHGEF7,TPM3,,J9P3C5
CLTC,VDAC2,CKB,CLIC4,ARIH1,DDB1,,F1PDY3
CLU,ITGA3,CKM,CLIC5,ARIH2,PSMB6,,F1PSC3
CLUAP1,TALDO1,CKMT1B,CLINT1,ARL2,PSMD13,,J9P3C8
CMBL,EIF5A,CKMT2,CLIP1,ARL6IP5,CFB,,J9NZX1
CMPK1,SLC2A1,CLEC16A,CLPTM1L,ARL8A,PRDX2,,E2QZB3
CNDP2,TGM1,CLIC1,CLTC,ARL8B,BLMH,,E2RS70
CNOT1,ITGB4,CLIC2,Cluap1,ARMC1,NUDT2,,J9P2G7
CNOT2,SDCBP,CLIC4,Cmip,ARMC3,PSMB2,,E2QZQ6
CNOT3,LDHA,CLIC5,Cmpk1,ARMC3.1,AHSA1,,F1PKH2
CNOT7,ATP5H,CLINT1,Cndp2,ARMC6,RIDA,,J9P5I1
CNP,SCIN,CLIP4,CNOT1,ARMC8,MYL12A,,E2R266
CNPY2,AGRN,CLTC,CNOT2,ARMC9,SNX2,,F6UT62
CNPY3,PPL,CLTCL1,CNOT3,ARPC1A,RBKS,,E2RIN3
COG1,SLC44A2,CLU,CNOT6L,ARPC1B,TLN1,,E2RGM1
COG2,VDAC1,CLUAP1,CNOT7,ARPC2,MPST,,F1PID8
COG3,EPS8L1,Cmah,COG1,ARPC3,YWHAH,,F1PRR4
COG8,SPTBN1,CMBL,COG2,ARPC4,FGA,,P61008
COL12A1,ITGA6,CNN1,COG3,ARPC5,PSMB4,,J9NUU1
COL14A1,TPRN,CNN3,COG8,ARPC5L,FCSK,,Z4YHI2
COL15A1,C6orf132,CNP,COL12A1,ARPIN,RPL23,,J9NT37
COL6A1,LLGL2,CNPY2,COL14A1,ARRB1.2,ANXA3,,J9P7T2
COMMD2,PHB,CNPY3,COL15A1,ARRB2,COPS4,,J9P4L2
COMMD4,PGRMC2,COL14A1,COL17A1,ARSB,RAD23B,,E2R0F2
COMT,,COL18A1,COL1A2,ASCC3,PLS3,,E2RNR3
COPA,,COL1A1,Col4a1,ASH2L,EIF4B,,F1PHY1
COPB1,,COL4A2,Col6a1,ASMTL,CDC42 ,,F1PHY9
COPB2,,COL4A4,COMMD4,ASNS,TTLL12,,E2RLB6
COPE,,COMMD2,COMT,ASPSCR1,USP5,,F1PBA7
COPG1,,COMMD4,COPA,ASRGL1,DCPS,,E2R002
COPG2,,COPA,COPB1,ATAD3A,FABP3,,E2R4Q2
COPS2,,COPB1,Copb2,ATE1,PMM2,,F1PI16
COPS3,,COPB2,COPE,ATG2A,DPP4,,J9NYU6
COPS4,,COPE,COPG1,ATG3,ACAT2,,E2RDE2
COPS5,,COPG1,COPG2,ATG4B,PNPO,,E2RJZ7
COPS6,,COPG2,COPS3,ATG5,PSMB5,,F6XVZ6
COPS7A,,COPS2,COPS4,ATG7,PSMB1,,E2RS32
COPZ1,,COPS3,COPS5,ATIC,PHYHD1,,E2R9G7
CORO1B,,COPS4,Cops6,ATL2,LASP1,,E2RF02
CORO1C,,COPS7A,COPS7A,ATL3,ANXA6,,E2RTJ7
COTL1,,COPZ1,Copz1,ATOX1,VAT1,,F1P9J3
CPD,,CORO1B,Coro1b,ATP1A1,ARF3,,E2RGG9
CPNE1,,CORO1C,COTL1,ATP1B1,ASRGL1,,E2RJQ8
CPNE3,,COTL1,cpb-3,ATP1B3,ALDOB,,E2R730
CPPED1,,CPD,Cpd,ATP2A2,SKP1,,E2R4N7
CPSF7,,CPNE3,Cpne1,ATP2B1,FGB,,J9P9V0
CRB2,,CPPED1,CPT1C,ATP5F1A,HYI,,F1P9J9
CRBN,,CPSF7,CPXM2,ATP5F1B,ADIRF,,E2RPU0
CRELD2,,CPT1A,CRB2,ATP5F1C,DDAH1,,F1PBL1
CRIP2,,cpt2,CRBN,ATP5F1D,RPL8,,Q28298
CRK,,CRELD2,Creld1,ATP5MF,GSTP1,,E2QXD1
CROCC,,CRIP2,Crip2,ATP5MG,RPS15A,,J9P7F5
CRYAB,,CRMP1,Crk,ATP5PB,PSMC1,,E2RHM4
CRYZ,,CROCC,CSDE1,ATP5PD,COPS5,,E2REG6
CSDE1,,CRYAB,Cse1l,ATP5PO,RPL3,,E2QX17
CSE1L,,CRYZ,CSK,ATP6V0A1,PCMT1,,E2RDS5
CSK,,CS,csn2,ATP6V0C,RPS18,,F1P625
CSN2,,CSE1L,CSNK1G3,ATP6V0D1,RPL4,,Q28284
CSNK2A1,,CSNK2A1,Csnk2a1,ATP6V1A,RENBP,,J9NT23
CSNK2A2,,CSNK2B,CSNK2A2,ATP6V1B2,PEPD,,F1PHL5
CSNK2B,,CSTF2,Csrp1,ATP6V1C1,NAXD,,F1PCH3
CSRP1,,CSTF2T,CTDSP1,ATP6V1D,BLVRA,,E2RFI6
CSTF2,,CTBP1,Ctnnb1,ATP6V1E1,PSMA5,,F2Z4P4
CSTF2T,,CTBP2,CTNND1,ATP6V1F,CUTA,,F1PU02
CTBP1,,CTNNA1,Ctps1,ATP6V1G1,YARS1,,E2RM11
CTBP2,,CTNNA2,Cttn,ATP6V1H,GBP5,,F2Z4P1
CTNNA1,,CTNNB1,Cul1,ATRX,AHSG,,F2Z4P2
CTNNA2,,CTNND1,CUL2,ATXN2L,FH,,F2Z4P3
CTNNB1,,CTSB,CUL3,ATXN3,APEH,,J9NS22
CTNND1,,CTSD,CUL4B,AUH,PAFAH1B1,,F1PI65
CTPS1,,CUL1,CUL5,AVL9,RPL6,,F1Q1J6
CTSB,,CWC25,CYB5R3,B4GALT1,OXSR1,,F1P7B0
CTSD,,CYFIP1,CYFIP1,BABAM1,RPL31,,F1PK62
CTTN,,cyfip2,Cyfip2,BABAM2,EIF4A2,,F1PK43
CUL1,,DARS,CYP20A1,BAD,RPLP2,,E2QZV5
CUL2,,DBT,CYP51A1,BAG3,PDXK,,E2QRX1
CUL3,,DCAKD,CYTH2,BAG5,ABHD14B,,F1PYU3
CUL4B,,DCN,Daam1,BAG6,HNRNPU,,J9PA62
CUL5,,DCTN1,Dad1,BAIAP2,ATP6V1A,,E2R4C1
CYB5R3,,DCTN2,DAPK2,BAIAP2L1,GNPDA2,,E2RBW4
CYFIP1,,DCTN4,DARS,BANF1,SIDT2,,F1PR93
CYFIP2,,DCXR,DCAF11,BASP1,PSMC4,,E2RN45
CYTH2,,DDB1,Dcaf7,BAX,PTPA,,E2RC89
DAPK2,,DDOST,Dcaf8,BBS1,NUTF2,,J9NRX4
DCAF11,,DDX1,Dcakd,BBS2,DDAH2,,J9NSL1
DCAF7,,DDX17,Dcdc2,BBS5,RPL30,,E2RRP9
DCAF8,,DDX39B,DCLK1,BBS7,TPPP,,F1PB61
DCDC2,,DDX3X,DCTN1,BBS9,RPL18,,J9NRQ9
DCN,,DDX5,DCTN2,BCAM,RPL10,,E2QWU0
DCTN1,,DDX6,Dcun1d1,BCAT2,IMPDH2,,F1PGC7
DCTN2,,DES,Ddah2,BCCIP,CETN2,,E2QWU2
DCTN4,,DGKA,DDB1,BCKDHB,KRT10A,,J9NUH6
DCUN1D1,,DGKE,ddost,BCL10,RPS13,,E2R985
DCXR,,DHRS7,Ddx17,BCL2L1,UBE2V1,,F1PGJ3
DDAH2,,DHX15,DDX19A,BCLAF1,UFD1,,J9NSW5
DDB1,,DHX9,Ddx39b,BICD2,SBDS,,E2R416
DDX1,,DIAPH1,Ddx3x,BIN1,VCAN,,E2QUA8
DDX17,,DKC1,Ddx6,BIN2,RAP1B,,J9P923
DDX19A,,DLD,Defa-rs12,BIRC6,HPX,,E2QWY5
DDX39B,,DLG1,Denr,BLMH,GNAS,,P99504
DDX3X,,DLST,DGKZ,BLVRA,TUBB,,E2QWY6
DDX5,,DNAH1,DHRS11,BLVRB,RPL18A,,E2QUA5
DDX6,,DNAH12,DHX30,BOLA1,TUBB4B,,E2QYD8
DENR,,DNAH17,DHX9,BPGM,APEX1,,J9NT91
DES,,DNAH2,DIAPH1,BPHL,PTGR1,,F1PFF2
DGKB,,DNAH3,DIAPH2,BPNT1,PSMB9,,F1Q0R0
DGKZ,,DNAH5,dicer1,BRAF,LGALS3BP,,E2R4H4
DHRS11,,DNAH6,DIP2B,BRAT1,RPS25,,E2RBP8
DHX15,,DNAH9,DLEC1,BRCC3,ENSECAG00000024343,,F6UXI8
DHX30,,DNAI1,Dlg1,BROX,DHDH,,F1PCQ3
DHX9,,DNAI2,DLG3,BTF3L4,IPO7,,F1PRK3
DIAPH1,,DNAJA1,DLGAP4,BUB3,PI4KA,,E2RKQ1
DIAPH2,,DNAJA2,DLST,BUD31,RAB7A,,E2RGR9
DIP2B,,DNAJA4,DMBT1,BZW1,RPL32,,F1PDY8
DLG1,,DNAJB1,Dmxl1,BZW2,ENSECAG00000039673,,O97556
DLG3,,DNAJB11,Dmxl2,C1H5orf22,HRG,,E2R9R2
DLGAP4,,DNAJB13,DNAAF1,C1H8orf37,MLLT6,,F1PHR2
DMXL1,,DNAJB3,DNAH1,C1H9orf64,RPS6,,F1Q1X9
DNAAF1,,DNAJB6,DNAH10,C1QBP,CTPS2,,E2R9R1
DNAH1,,DNAJC3,DNAH11,C1RL,ALPL,,F1PDY2
DNAH10,,DNM1,DNAH12,C1S,SERPINB5,,J9P101
DNAH11,,DNM2,DNAH2,C2CD5,OTUB1,,E2RA50
DNAH12,,DNM3,DNAH3,C2H20orf27,DNPH1,,F1Q219
DNAH17,,DNPEP,DNAH5,C3,UBB,,P61162
DNAH3,,DPCD,DNAH6,C3H11orf54,DNAH5,,J9NWL3
DNAH5,,DPP7,DNAH7,C3H1orf174,RPL35,,F1PL92
DNAH6,,DPYSL2,DNAH9,C4BPA,EPPK1,,F1PL93
DNAH7,,DPYSL3,DNAI2,C4H1orf87,XPO1,,E2RLU1
DNAI1,,DSC2,DNAJA1,C4H6orf132,RPS16,,F1PL97
DNAI2,,DSEL,Dnaja2,C5,NACA,,E2RRW0
DNAJA1,,DSG1,DNAJA4,C5H12orf10,DIAPH1,,J9NSE8
DNAJA2,,DSG2,Dnajb1,C6,VBP1,,F6XQD6
DNAJA4,,DSP,DNAJB11,C7,LARS1,,E2RDN1
DNAJB1,,DSTN,Dnajb13,C9,RPL7,,J9NTK5
DNAJB11,,dydc2,DNAJB6,CA3,USP14,,E2R856
DNAJB13,,DYNC1H1,DNAJC10,CA8,ENSECAG00000038332,,E2RGI4
DNAJB6,,DYNC1I2,DNAJC13,CAB39,ALDH3B1,,J9JHD4
DNAJC10,,DYNC2H1,DNAJC2,CAB39L,PFN2,,L7N0M4
DNAJC13,,DYNLL1,DNAJC7,CACNA2D1,SEPTIN2,,F1PXQ9
DNAJC2,,DYNLRB1,DNAL1,CACYBP,RAB5C,,E2R917
DNAJC3,,DYNLRB2,Dnali1,CAD,SYNCRIP,,J9P3P8
DNAJC7,,EBNA1BP2,Dnm1l,CADM1,PSMC2,,F1P8L7
DNAL1,,ECH1,DOCK1,CALD1.1,RDX,,F1PVS7
DNALI1,,ECHS1,DOCK6,CALM3,TSN,,F1PEK5
DNM1L,,ECI1,DOCK7,CALR,PLTP,,E2REU6
DNM2,,EEA1,DOCK9,CALU,LANCL1,,F1PY69
DNM3,,EEF1A2,Dopey1,CAMK1,DPCD,,F1PN69
DNPEP,,EEF1B2,DOPEY2,CAMK2G,RBM12,,J9NX45
DOCK1,,EEF1D,DPCD,CAND2,NUDT5,,F6XXM1
DOCK7,,EEF1G,DPM1,CANX,GPX2,,F1Q1Q0
DOCK9,,EEF2,Dpp6,CAP1,OLA1,,E2RCF9
DPCD,,EFHC1,DPP8,CAP2,CUL3,,E2R9U8
DPP8,,EFHC2,Dpyd,CAPG,KIF5B,,J9NTD9
DPYD,,EFHD2,DRC1,CAPN1,PSMB7,,J9PAS2
DPYSL2,,EFTUD2,DRG1,CAPN2,CMBL,,E2RMZ3
DPYSL3,,EHD1,DRG2,CAPN5,RSPH4A,,Q28250
DRC1,,EHD2,DSC1,CAPNS1,ENSECAG00000041817,,J9P746
DRG1,,EHD3,DSCR3,CAPRIN1,EIF3A,,E2RLA8
DRG2,,EIF2B5,DSG1,CAPZA1,MDH2,,L7N0J8
DSC2,,EIF2S1,DSP,CAPZB,GMPPB,,E2RLA2
DSG2,,EIF2S3,DSTN,CARM1,CAPZA2,,E2R8U8
DSP,,EIF3D,DYNC1H1,CARMIL1,PLIN3,,F1PI25
DSTN,,EIF3E,Dync1i2,CARS1,FKBP3,,E2RPG9
DYNC1H1,,EIF3H,Dync1li1,CASC1,ENSECAG00000010622,,F1PPF7
DYNC1I2,,EIF3I,DYNC1LI2,CASP3,PSAT1,,E2QZA8
DYNC1LI1,,EIF3L,DYNC2H1,CASP7,NIT2,,F1PP40
DYNC1LI2,,EIF4A1,Dynll1,CASP9,SRM,,F1PTY1
DYNLL1,,EIF4A2,Dynlrb2,CAST,RNH1,,F1PSK3
DYNLRB1,,EIF4A3,Dynlt1,CAT,RBP5,,F1PLT8
DYNLRB2,,EIF5A,dyrk1a,CAV3,HINT1,,J9NRJ1
DYNLT1,,EIF5A2,Ece1,CAVIN1,RPS8,,E2RTA3
DYRK1A,,ELAVL1,ECM29,CAVIN2,CSRP1,,F1Q3W0
EDC4,,EMD,EDC4,CAVIN3,TBCD,,F1PZ37
EEA1,,EMP1,EEA1,CBFB,HNRNPDL,,A0A140T8E0
EEF1A1,,ENDOD1,EEF1A1,CBL,MEAK7,,E2R0B6
EEF1A2,,ENKUR,EEF1E1,CBS,PSMD7,,P18067
EEF1D,,ENO1,EEF2,CBWD1,GPS1,,J9JHV8
EEF1E1,,ENO3,EEPD1,CBX3,TXNL1,,F1PXX5
EEF1G,,ENPP3,EFCAB7,CBX5,ENSECAG00000002541,,F1PGD7
EEF2,,EPB41,Efhc1,CC2D1A,ACP1,,P24406
EFCAB7,,EPCAM,EFR3A,CC2D2A,MIF,,E2RKA8
EFHD2,,EPHX1,EFR3B,CCAR1,EEF1D,,E2R8R8
EFR3A,,EPHX2,Eftud2,CCAR2,PFDN5,,A0A1W2NC67
EFTUD2,,EPRS,EHD1,CCDC103,ENSECAG00000020699,,E2RS49
EHD1,,EPS8L1,EHD2,CCDC186,TXNDC17,,F1PQS0
EHD2,,ERAP1,EHD4,CCDC22,CUL5,,F1PQS3
EHD3,,ERGIC1,Eif2ak4,CCDC25,SRI,,F1PQS2
EHD4,,ERICH3,EIF2B2,CCDC39,RRM1,,F1Q253
EIF2AK4,,ERLIN1,EIF2B3,CCDC40,SNX5,,E2R3D3
EIF2B2,,ERLIN2,Eif2b4,CCDC6,PDAP1,,E2R674
EIF2B3,,ERO1A,EIF2B5,CCDC78,AOX1,,J9NTR8
EIF2B4,,ERP29,Eif2s1,CCDC93,GNAI2,,E2RND8
EIF2B5,,ERP44,EIF2S2,CCM,RPL26,,E2R0L9
EIF2S1,,ESCO2,Eif2s3x,CCS,GART,,Q9GL21
EIF2S2,,ESD,EIF3A,CCT2,SARNP,,E2QUJ4
EIF2S3,,ESYT1,Eif3b,CCT4,AP2A2,,F1PFK0
EIF3A,,ESYT2,EIF3C,CCT5,RPL13A,,J9P2Z5
EIF3B,,ETFA,Eif3d,CCT7,PHPT1,,E2R578
EIF3C,,ETFB,Eif3e,CCT8,COPS3,,E2R574
EIF3D,,ETHE1,EIF3F,CD109,NIBAN2,,F1PFK8
EIF3E,,EWSR1,EIF3G,CD151,ARHGDIB,,F1PU47
EIF3F,,EZR,EIF3H,CD2AP,AMDHD2,,E2R573
EIF3G,,F13A1,Eif3i,CD2BP2,GNB4,,F1P9Z8
EIF3H,,F13B,EIF3J,CD5L,DYNLRB2,,F1PYQ2
EIF3I,,F2,EIF3K,CD63,MARCKSL1,,F1PYQ1
EIF3J,,FABP3,EIF3L,CD82,MAP4,,F1P6Q0
EIF3K,,FABP5,Eif3m,CD9,ENSECAG00000008928,,J9P3R3
EIF3L,,FAM129B,Eif4a1,CDA,DISC1,,E2RB32
EIF3M,,fam166b,Eif4a2,CDC123,GALK1,,F1PG69
EIF4A1,,FAM181A,Eif4a3,CDC37,S100A10,,E2RPN5
EIF4A2,,FAM213A,EIF4G1,CDC42,GUCY1A1,,E2RB31
EIF4A3,,FAM92B,EIF4G2,CDC42BPB,NAP1L1,,E2RPN3
EIF4G1,,FARP1,EIF4G3,CDC5L,HSP90B1,,E2RB37
EIF4G2,,FARSA,EIF5,CDH1,RPS14,,E2R8L3
EIF4G3,,FARSB,Eif5a,CDH13,ATP6V1D,,F6X958
EIF5,,FASN,EIF5B,CDIPT,USP43,,F1PAP5
EIF5A,,FBL,eif6,CDK18,AK2,,E2RNM1
EIF5B,,FBLN1,ELMO1,CDK4,DCTN1,,E2RMA3
EIF6,,FECH,Elmo3,CDK5,CAPZA1,,E2RMA1
ELAVL1,,FERMT2,ELP3,CDK6,CORO1B,,L7N0B2
ELMO3,,FGA,EMC1,CDK9,RPS23,,H2B3G5
ELP3,,FGB,EMC3,CDKN2AIP,ACTC1,,F6XIB7
EMD,,FGG,Eml1,CDS2,SEPHS1,,A0A0A0MPC0
EML1,,FH,EML3,CDV3,ENSECAG00000009117,,L7N0B9
EML3,,FHL1,EML4,CELF1,PPP1R7,,J9P385
EML4,,FKBP11,ENAH,CERS2,ENSECAG00000017343,,J9NUD2
ENAH,,FKBP4,Enpp3,CERT1,PGP,,E2RCI2
ENO1,,FLII,epb41,CFAP20,NANS,,P55745
ENO3,,FLNA,Epb41l1,CFAP300,CNIH1,,J9NWP6
ENPP3,,FLNB,EPB41L2,CFAP36,KLC3,,F1P7P3
EPB41,,FLRT3,EPB41L3,CFAP44,NUCKS1,,E2R311
EPB41L1,,FMO1,EPB41L4A,CFAP52,GMPPA,,E2RCI8
EPB41L2,,FMO2,EPB41L4B,CFAP57,OPLAH,,E2R702
EPB41L3,,FMO5,Epb41l5,CFB.1,HDHD2,,E2RSP4
EPB41L5,,FN1,Ephb2,CFB.2,RPL22,,F1Q419
EPCAM,,FN3KRP,Epn1,CFI.1,TSTD1,,E2RRE2
EPHX1,,folr1,EPPK1,CFL1,DSTN,,J9P969
EPHX2,,FUBP1,EPRS,CFL2,ENSECAG00000040430,,F1PPZ5
EPN1,,FUK,Eps15,CGN,STARD10,,E2R4L7
EPPK1,,FUS,EPS15L1,CHCHD3,NDRG4,,F1PHX2
EPS15,,FYN,EPS8,CHD4,AIMP2,,J9P048
EPS15L1,,G6PD,ERC1,CHERP,RPL9,,J9P965
EPS8,,GALK1,ERGIC1,CHI3L1,LCN2,,E2RPQ0
EPS8L1,,GALM,Ergic2,CHM,NHLRC2,,J9NYV0
EPS8L2,,GAN,ERGIC3,CHMP2A,XPOT,,E2RPQ6
ERAP1,,GANAB,ERICH3,CHMP3,SUGT1,,F1PYV1
ERC1,,GAPDH,ERLEC1,CHMP4B,H4C15,,F1PQ40
ERGIC1,,GAPDHS,Erlin2,CHMP5,NCL,,J9P9Z7
ERO1A,,GART,ERP44,CHMP7,CP,,J9P8E9
ERP29,,GAS2L2,Esrp1,CHN1,RPS11,,J9P6R1
ERP44,,GAS8,ESYT1,CHORDC1,PPM1B,,E2RH29
ESD,,GBAS,Etf1,CHUK,PFDN2,,F1PTP2
ESRP1,,GBE1,Evi5,CIAO1,RPL17-C18orf32,,F1PZA0
ETF1,,GC,EVPL,CIAO2B,CHORDC1,,J9P8T4
ETFA,,GCDH,EXOC1,CIAPIN1,GMDS,,E2RHR4
EWSR1,,GDI1,Exoc3,CIRBP,SSB,,F1P7J0
EXOC1,,GDI2,EXOC4,CISD1,PFN1,,E2R9V0
EXOC3,,GFAP,EXOC6,CISD2,NUDT3,,Q0X0E5
EXOC4,,GFPT1,EXOC6B,CIZ1,EIF4H,,F1PHV7
EXOC6,,GGT1,Exoc7,CKAP5,ENSECAG00000024902,,E2R9V5
EXOC6B,,GIPC1,FAF2,CKB,COPS7A,,A0A0A0MPD2
EXOC7,,GLG1,Faim,CLASP1,UAP1L1,,A0A0A0MPD0
EZR,,GLIPR2,FAM107B,CLASP2,FGGY,,L7N0I7
F13A1,,GLO1,FAM120A,CLDN1,RAP1GDS1,,E2RCL0
F2,,GLOD4,FAM126A,CLEC3B,NAP1L4,,E2QTQ9
FABP3,,GLUD1,Fam129b,CLIC1,COPS6,,F6XGU5
FABP5,,GLUL,Fam175b,CLIC2,S100A11,,F1PC59
FAM107B,,GLYCTK,FAM3C,CLIC3,CPPED1,,E2RLS3
FAM120A,,GMPPA,FAM49B,CLIC4,GPI,,E2R7F1
FAM3C,,GMPPB,Fam65a,CLIC5,ALDH1A1,,E2RJY2
FAM91A1,,GNA11,FAM65B,CLIC6,SH3BGRL,,F1PLN2
FAM98A,,GNA12,FAM84A,CLINT1,FDPS,,E2R0G3
FARP1,,GNA13,FAM84B,CLIP1.1,RPS21,,F1PFG6
FARSA,,GNA14,Fam91a1,CLNS1A,PAPSS1,,E2R818
FARSB,,GNAI1,FAM98A,CLPP,SCGB1A1,,F1PUB5
FASN,,GNAI2,FARP1,CLTA,RPL14,,F1PN25
FBXO3,,gnai3,FARSA,CLTB,DERA,,P67780
FBXW9,,GNAL,FARSB,CLTC,ADSS2,,Q076A8
FERMT1,,GNAQ,FASN,CLU,ENSECAG00000019585,,F1PB10
FERMT2,,GNAS,FBXL18,CLUH,BIN1,,E2RGM0
FGA,,GNAT1,FBXL20,CMBL,RPL15,,E2R6W9
FGB,,GNAT2,FBXO3,CMPK1,CZIB,,F1P6H7
FGG,,GNAT3,FER,CNBP,PFDN4,,E2QW49
FH,,GNAZ,FERMT1,CNDP1,LGALS3,,E2R9Y9
FHL1,,GNB1,FERMT2,CNDP2,VNN1,,E2RFR5
FKBP2,,GNB2,Fgg,CNN1,ENSECAG00000040667,,E2QYC2
FKBP3,,GNB4,FGR,CNN2,LZIC,,D0VWQ3
FKBP4,,GNE,Fhl1,CNN3,PAFAH1B2,,D0VWQ5
FLII,,GNG12,FIBP,CNOT1,RANBP1,,F1Q0Q9
FLNA,,GOLGB1,FKBP11,CNOT11,RPL10A,,F1PZJ7
FLNB,,GOSR2,Fkbp2,CNOT7,EIF3B,,F1Q3I5
FLNC,,GOT2,Fkbp3,CNOT9,TCEA1,,F1PX67
FLOT1,,GPD1L,FKBP4,CNP,ME1,,E2RB96
FMR1,,GPI,FLNA,CNPY2,ARL3,,F6XVD7
FN1,,GPM6A,FLNB,CNRIP1,ATP6V1E1,,F1PMC5
FN3KRP,,GPT2,FLOT1,CNTRL,EIF3H,,J9NRN0
FNTA,,GRHPR,Flot2,COASY,ISOC1,,J9JHN1
FOLR1,,GRID1,FMNL2,COBLL1,CFAP298-TCP10L,,J9NXG7
FRK,,GSN,Fmr1,COG1,GNPDA1,,E2RSI6
FRY,,GSR,FN1,COG2,IRGQ,,E2QWF5
FRYL,,GSS,FNDC3A,COG3,SARS1,,F1PTC0
FSD1L,,GSTK1,Fnta,COG4,EIF3F,,E2RB81
FTH1,,GSTP1,FOLH1B,COG5,ILF3,,F1PZ48
FUBP1,,GTF2I,Frk,COG6,ACTR1B,,P60952
FUS,,GUSB,FRY,COG7,RNASEH1,,F1PCG4
FXR1,,H3F3A,FRYL,COG8,LCP1,,J9NTN4
G6PD,,H6PD,FSD1L,COL12A1,RPL27,,J9P098
GAK,,HACD3,FTH1,COL18A1,TPT1,,F1PKW7
GALK1,,HADH,FUK,COL1A1,S100A13,,F1PAG5
GALM,,HADHA,Fxr1,COL1A2,CRK,,J9P093
GALNT12,,HADHB,G6pdx,COL6A1,GYG1,,F1PAG6
GALNT7,,HAGH,Gak,COL6A3,EIF3I,,E2QUV3
GANAB,,HARS,Galnt1,COLGALT1,KHSRP,,F1PY24
GAPDH,,HBE1,GALNT12,COMMD4,ENSECAG00000034606,,E2R4J2
GAPDHS,,HBQ1,GALNT2,COMMD7,NAXE,,E2RT63
GART,,HDAC1,GALNT3,COMMD9,UBE2K,,E2RT62
GBE1,,HDAC2,GALNT4,COPA,HMGB1,,E2RT60
GBF1,,HDDC3,GALNT7,COPB1,RPS12,,E2RT65
GC,,HDGF,GAPDH,COPB2,TGM1,,F1PKV5
GCC2,,HEBP1,Gars,COPE,SYNGR2,,E2R4Y6
GCLM,,HELZ2,GART,COPG1,ARRB1,,E2RIF3
GDA,,HEXA,Gas8,COPG2,GSTA4,,E2RBA8
GDI1,,HEXB,GBE1,COPS2,RSU1,,E2RR60
GDI2,,HIBCH,GBF1,COPS3,MTPN,,E2RJB9
GEMIN5,,HK1,GCC2,COPS5,CARS1,,J9P3L7
GFAP,,HK2,Gclm,COPS6,MHCX1,,F1PB85
GFOD2,,HKDC1,GCN1L1,COPS7A,DDX3X,,F6XIP5
GFPT1,,HM13,Gcnt3,COPS7B,AP2S1,,F1PQN3
GGT1,,HMGB1,Gda,COPS8,PGGT1B,,J9P326
GIPC1,,HMGB2,GDI1,COPZ1,S100A16,,E2QS13
GIT1,,HMGCL,GEMIN5,COQ9,NAE1,,J9JH91
GLIPR2,,HMGN1,get4-a,CORO1A,DHRS11,,E2R0H0
GLO1,,HMOX2,Gfod2,CORO1C,PAK2,,F1PVP9
GLOD4,,HNRNPA0,GIPC1,CORO2A,OSGEP,,F1PJ74
GLUD1,,HNRNPA1,GIT1,CORO6,DCUN1D1,,F1PSN8
GLUL,,HNRNPA2B1,Gja1,COTL1,CDV3,,J9NUV0
GMDS,,HNRNPA3,GLG1,CPB2,TPM4 ,,E2R1T2
GMPPA,,HNRNPAB,GLIPR2,CPD,NAGK,,E2RLL6
GMPPB,,HNRNPC,Glod4,CPN2,LGALSL,,E2RNQ2
GMPR2,,HNRNPD,GLT8D1,CPNE3,PYCR3,,E2R0A6
GNA11,,HNRNPF,GLUD1,CPQ,ARPC1B,,E2RS47
GNA13,,HNRNPH1,Glul,CPSF1,MAPK1,,H9GW87
GNAI1,,HNRNPH2,Gmds,CPSF2,RPS15,,J9PAB2
GNAI2,,HNRNPH3,GMPPA,CPSF3,MAPK3,,F1PHX8
GNAI3,,HNRNPK,GMPPB,CPSF7,SEC31A,,E2QXN8
GNAQ,,HNRNPL,GMPR2,CPT1A,GPRC5C,,F1Q0J0
GNAS,,HNRNPM,GNA13,CPT2,ADPRS,,F1PPL9
GNB1,,HNRNPR,GNAI1,CPVL,SMPDL3B,,F1Q0J3
GNB2,,HNRNPU,GNAI2,CRABP1,OSBPL2,,Q6WIT9
GNE,,HNRNPUL1,Gnai3,CRBN,FUBP1,,E2QUL2
GNG12,,HNRNPUL2,Gnao1,CRIP1,UFC1,,E2RL34
GNPDA1,,HOOK3,GNAQ,CRIP2,ENSECAG00000011095,,E2RT18
GNPDA2,,HP1BP3,GNAS,CRK,RPS6KA3,,F1PEZ4
GNPNAT1,,HPX,Gnb1,CROT,PPP2R2A,,E2REK1
GOLGA3,,HRAS,Gnb2,CRPPA,NPEPL1,,E2R2C3
GOLGA4,,HSD11B1,Gnb2l1,CRYAB,PSMD4,,Q863Z4
GOLGB1,,HSD17B10,GNB4,CRYL1,UROD,,E2QYL0
GOLPH3,,HSD17B12,GNE,CRYM,ARL1,,F6XKI0
GOLPH3L,,HSD17B4,GNG12,CRYZL1,DBI,,F1PME6
GORASP1,,HSD17B8,GNPDA1,CS,PRKAR2A,,F1PVW0
GPCPD1,,HSDL2,GNPDA2,CSAD,NAPRT,,E2RRA3
GPD1L,,HSP90AA1,GNPNAT1,CSDE1,SPARCL1,,E2RNG2
GPHN,,HSP90AB1,GOLGA3,CSK,PGM3,,J9P2I8
GPI,,HSP90B1,GOLGA4,CSNK1A1,VNN1,,F1Q264
GPM6B,,HSPA2,GOLGB1,CSNK1E,FBLN1,,E2R0S7
GPRC5C,,HSPA4,GOLPH3,CSNK2A1,NQO2,,F1PAZ6
GPS1,,HSPA4L,GOLPH3L,CSNK2A2,GMPS,,F1PV92
GRHPR,,HSPA5,Gorasp1,CSNK2B,PBLD,,F1PGY1
GRIPAP1,,HSPA8,Gpc3,CSRP1,NIT1,,J9P6V2
GSK3B,,HSPA9,GPC4,CSTB,SPRED3,,F6V2R0
GSN,,HSPB1,GPCPD1,CTBS,FGG,,E2RT72
GSPT1,,HSPD1,GPD1L,CTDP1,RHOA,,F1PXG4
GSR,,HSPG2,GPD2,CTH,GBE1,,F2Z4Q1
GSS,,HSPH1,Gphn,CTNNB1,ENSECAG00000030135,,E2RIA8
GSTM4,,HYOU1,Gpi,CTNNBL1,EIF2S1,,F2Z4Q7
GSTP1,,IARS,Gpm6a,CTNND1,PRPSAP1,,F2Z4Q6
GTF2I,,idh1,Gpm6b,CTPS1,AARS1,,F2Z4Q5
GTPBP1,,IDH2,GPRC5B,CTPS2,IAH1,,J9P4F3
GUK1,,IDH3A,Gps1,CTR9,C21H5orf51,,E2R5T9
GYS1,,IFT140,Gpx4,CTSA,PON1,,E2R6K5
H6PD,,IFT172,Grid2,CTSB,VPS29,,F6XIT9
HADH,,IFT22,GRIPAP1,CTSC,DYNC1I2,,E2RRD6
HAGH,,IFT52,Grn,CTSH,HEBP2,,E2RK67
HAT1,,IFT57,Gsk3b,CTSK,TUBB6,,F1PZY2
HBB,,IFT74,GSN,CTSZ,GLO1,,F1PX27
HDAC1,,IFT80,GSPT1,CTTN,SAT2,,F1PIZ2
HDDC3,,IFT81,Gsr,CTTNBP2NL,SERPIND1,,F6XD36
HDGF,,IFT88,GSS,CTU2,PITPNA,,F1P8D3
HDHD2,,ILF3,Gsta5,CUL1,NEDD8,,F1PVC1
HDLBP,,ILK,GSTM4,CUL2,RAB5B,,E2RD65
HEATR5B,,ILVBL,Gtpbp1,CUL3,NDRG2,,E2R7Z6
HEBP1,,IMMT,GUCY1B3,CUL4A,HERC4,,J9NVS3
HECTD1,,IMPA1,GUK1,CUL5,CRYL1,,E2RAB2
HECTD4,,IMPDH2,GULP1,CUTA,ENSECAG00000015938,,E2RLE2
HERC4,,INO80,GVINP1,CWC27,CLTA,,E2R4B0
HEXA,,INPP5J,GYS1,CWF19L1,PCBD1,,E2RMB9
HEXB,,INPP5K,HACD3,CYFIP1,TTC17,,E2RIA1
HGS,,INSM1,Hars,CYFIP2,FETUB,,E2RJW8
HIBCH,,IQCE,Hat1,CYGB,ANXA2,,P05124
HIF1AN,,iqgap1,HDHD2,CYRIA,ACTR1A,,E2R5B9
HIP1R,,IQGAP2,HDLBP,CYRIB,ENOPH1,,F1Q406
HK1,,ITGA3,HEATR5B,CZIB,FBP1,,E2R0S6
HMGB1,,ITGA6,HECTD1,D2HGDH,TES ,,F1Q4F5
HMGB2,,ITGB1,HECTD4,DAB2,ENSECAG00000025080,,F1P975
HMGCS1,,ITGB3,HERC1,DAG1,EIF4A1,,F1Q0S5
HMGN1,,ITGB4,HERC2,DALRD3,RPS20,,E2RND5
HNRNPA0,,ITIH1,Herc4,DARS1,RAB1A,,E2R3R2
HNRNPA1,,ITIH2,Hgs,DAZAP1,RPL29,,H9GWE2
HNRNPA2B1,,ITIH4,HIF1AN,DBI,DBNL,,E2RCN3
HNRNPA3,,IVD,Hip1r,DBN1,RNASEK,,E2QW06
HNRNPAB,,JAKMIP1,Hist3h2ba,DBNL,LRG1,,E2RTD7
HNRNPD,,JCHAIN,Hkdc1,DBT,MRI1,,E2REM0
HNRNPF,,JUP,HLA-B,DCAF1,MTAP,,P86229
HNRNPH1,,KANK2,Hmgcs1,DCAF7,GUCY1B1,,E2R5N5
HNRNPH2,,KARS,Hnrnpa1,DCAF8,SPI2,,F1Q260
HNRNPH3,,KATNA1,HNRNPA2B1,DCN.1,PTER,,F1PWY9
HNRNPK,,KCNG3,HNRNPA3,DCPS,OXCT1,,F1PSE5
HNRNPL,,KCTD12,Hnrnpf,DCTD,YAP1,,E2RRX7
HNRNPM,,KCTD18,Hnrnpk,DCTN2,TBCB,,E2RR73
HNRNPR,,KCTD8,Hnrnpm,DCTN3,CYCS ,,E2QUR2
HNRNPU,,KDELC2,Hnrnpu,DCTN4,THY1,,E2R9S7
HNRNPUL1,,KHDRBS1,HOOK1,DCTN6,HNRNPAB,,E2RKR4
HNRNPUL2,,KHDRBS2,HOOK2,DCUN1D1,RPL11,,F1P6B7
HOOK1,,KHDRBS3,Hook3,DCXR,NIF3L1,,F1PCV4
HOOK2,,KHSRP,Hprt1,DDAH1,UBQLN1,,F1PF85
HOOK3,,KIAA1217,Hras,DDAH2,TSC22D4,,Q5TJE9
HPRT1,,KIF21B,HSP90AA1,DDB1,ENSECAG00000000696,,J9NT18
HPX,,KIF3A,Hsp90ab1,DDHD2,SUB1,,P62822
HSD17B10,,KIF3B,HSPA14,DDI2,ENSECAG00000039827,,J9NS50
HSP90AA1,,KIF5A,Hspa2,DDOST,ENSECAG00000038332,,J9NWJ5
HSP90AB1,,KIF5B,HSPA4,DDX1,ANKFY1,,P62825
HSP90B1,,KIF5C,HSPA4L,DDX17,RPS10,,J9NTJ7
HSPA14,,KIFAP3,HSPA5,DDX39A,CRABP1,,F1PBX0
HSPA1A,,KNTC1,HSPA8,DDX39B,DYNC1LI2,,J9NZX6
HSPA2,,KPNA3,Hspa9,DDX42,RPS26,,E2R9B6
HSPA4,,KPNA4,Hspb11,DDX46,ACTL6A,,F1P8I8
HSPA4L,,KPNB1,Hspbp1,DDX59,RSPH1,,J9P9E9
HSPA5,,kras,HSPD1,DDX6,DYNLL1,,E2QZ05
HSPA8,,KRT1,HSPG2,DECR1,ENPP3,,E2RJ06
HSPA9,,KRT13,HSPH1,DEK,CUL4B,,F1PIS7
HSPB1,,KRT14,HTATIP2,DENND10,CAB39,,E2RQ80
HSPB11,,KRT16,Htra1,DENND4C,UBXN1,,F1PGY9
HSPBP1,,krt17,HTT,DENR,APIP,,E2RER1
HSPD1,,KRT18,HUWE1,DERA,APPL1,,J9NTC6
HSPE1,,KRT19,HYDIN,DES,C2H1orf50,,F1P7V6
HSPG2,,KRT2,Hyou1,DFFA,BZW1,,F1P9Y3
HSPH1,,KRT20,IARS,DGKA,FARSA,,J9P3T9
HTATIP2,,krt222,IFIT5,DHDH,THNSL2,,J9NT16
HTRA1,,KRT23,Ift122,DHFR,CLIC4,,J9PAP6
HTT,,KRT24,IFT46,DHRS7,SAE1,,E2R8Z5
HUWE1,,KRT27,IFT52,DHTKD1,HEXD,,F1PFS9
HYOU1,,KRT3,Ift57,DHX15,SPA17,,E2RMY7
IDH1,,KRT32,IFT74,DHX16,BDH2,,J9P758
IDH2,,KRT33A,IFT80,DHX29,ALDOC,,E2RIX2
IFIT5,,KRT33B,IFT81,DHX30,CYRIB,,J9NVJ0
IFT122,,KRT35,Ift88,DHX36,ANXA11,,J9P2B5
IFT140,,KRT36,IGBP1,DHX57,ENSECAG00000042372,,E2RGN0
IFT172,,KRT39,IGF2R,DHX9,PAXX,,F1PF02
IFT22,,KRT4,IGHA1,DIABLO,AP1B1,,E2QUU4
IFT46,,KRT40,Ikbkap,DIAPH1,ITIH2,,E2QUU5
IFT52,,KRT5,IKBKB,DIAPH2,MAPRE1,,E2REK6
IFT57,,KRT6A,IKBKG,DIPK2A,RPL24,,E2RDB5
IFT74,,KRT7,IL1RAP,DIS3,GPX4,,F1P9W2
IFT80,,KRT72,Ilf2,DKC1,ENSECAG00000009162,,F1PPR0
IFT81,,KRT73,Ilk,DKK3,ENSECAG00000033043,,P61105
IFT88,,KRT76,IMPA1,DLAT,TNFAIP8,,E2RJL3
IGBP1,,KRT77,IMPDH2,DLD,COPS8,,J9P615
IGF2R,,KRT78,INADL,DLG1,FARSB,,J9P616
IKBKB,,KRT79,INPP5A,DLGAP4,ENSECAG00000036248,,E2RK77
IKBKG,,KRT8,IPO11,DLST,ENSECAG00000009275,,F1Q3V2
IL1RAP,,KRT80,IPO4,DMTN,SHTN1,,F1PVE3
ILF2,,KRT84,IPO5,DMXL1,ENSECAG00000017887,,J9P5U3
ILF3,,KRT9,Ipo7,DNAAF4,PSMB10,,F1P7C2
ILK,,KTN1,IPO9,DNAH10,IRF3,,J9NYJ8
IMPA1,,LACTB,IQGAP1,DNAH11,CRIP2,,J9P1R5
IMPDH2,,LAMA2,IQGAP2,DNAH12,CACYBP,,Q8WNN6
IPO11,,LAMA5,IQSEC2,DNAH9,PLPBP,,F1PSC4
IPO4,,LAMB1,Iqub,DNAJA2,PDLIM1,,F1PZ83
IPO5,,LAMB2,Ist1,DNAJA3,ENSECAG00000019719,,F1PSC2
IPO7,,LAMC1,Itch,DNAJA4,PPP1R1B,,E2RJ79
IPO9,,LANCL1,Itfg1,DNAJB1,GNAQ,,E2R1C4
IQCE,,LAP3,Itga6,DNAJB11,H2AC16,,E2R7L1
IQGAP1,,LARS,Itgav,DNAJB13,HMBS,,F1PKF6
IQGAP2,,LCK,ITGB1BP1,DNAJC13,EEA1,,E2RL95
IQSEC2,,LDHA,Itgb5,DNAJC2,TUBA4A,,E2R667
IST1,,LDHB,Itpr3,DNAJC5,HNRNPA1,,F1P912
ITCH,,LGALS3,ITSN2,DNAJC7,SEPTIN7,,E2RHH8
ITGA6,,LIMA1,JAGN1,DNAL1,ELOB,,Q9XSU3
ITGB1,,LIMS1,Jup,DNM1,ENSECAG00000030595,,F6X7L0
ITGB4,,LIN7A,KARS,DNM1L,ZC2HC1A,,E2QXX9
ITIH1,,LIN7C,KATNB1,DNM2,APOA2 ,,F6PMP8
ITIH2,,LIPH,kcnab2,DNPEP,SCLY,,E2RFL0
ITIH4,,LIPI,Kctd12,DOCK1,CDK6,,F1PIF2
JUP,,LMAN1,KCTD21,DOCK7,HDDC3,,F1PT17
KATNA1,,LMAN2,Kdelr1,DOCK9,CD2AP,,E2RIQ8
KATNB1,,LMNA,KEAP1,DPH1,H2BC13,,F1PWL7
KCTD12,,LMNB1,KIAA0196,DPH2,ENSECAG00000016939,,J9NX46
KHDRBS1,,LMNB2,KIAA1033,DPH5,SGTA,,E2RRM6
KHSRP,,LOC101080257,KIAA1324,DPP3,AIMP1,,F1P6P2
KIAA1217,,LOC101080312,Kiaa1598,DPP4,ITPA,,F6UKT8
KIF13B,,LOC101080314,Kiaa2013,DPP7,TBCA,,E2R5P9
KIF21A,,LOC101080561,KIDINS220,DPP8,RAB1B,,O46392
KIF27,,LOC101080736,KIF13B,DPP9,NAMPT,,F1PCM1
KIF2A,,LOC101080790,KIF15,DPYSL3,PDE6D,,E2R5P5
KIF3A,,LOC101080814,KIF19,DR1,UBA6,,F1PI88
KIF3B,,LOC101080976,KIF21A,DRG2,UFM1,,J9P6G0
KIF5B,,LOC101081013,KIF27,DSP,CALR,,E2QY54
KIF5C,,LOC101081066,Kif2a,DSTN,CNN2,,E2QY55
KIFAP3,,LOC101081129,KIF3A,DTD1,PPP1CB,,E2R4C5
KLC1,,LOC101081204,KIF3B,DTYMK,MDP1,,E2R149
KLC4,,LOC101081229,KIF5B,DYNC1H1,DYNC1LI1,,F1P797
KPNA3,,LOC101081808,Kif9,DYNC1I2,ARPC3,,Q9TV56
KPNA4,,LOC101081992,KLC1,DYNC1LI1,ATP5F1A,,E2RNL3
KPNB1,,LOC101082109,Klc4,DYNC1LI2,CCDC170,,E2RNL2
KRAS,,LOC101082653,KNTC1,DYNC2H1,STARD5,,E2R0D6
KRIT1,,LOC101082749,Kpna3,DYNLL1,SYNGAP1,,E2R068
KRT18,,LOC101083265,KPNB1,DYNLRB1,FSCN1,,E2RGE0
KRT19,,LOC101083342,KPRP,DYNLT1,CYP26A1,,E2RJS6
KRT24,,LOC101083514,kras,ECE1,ENSECAG00000017635,,F1PCX0
KRT5,,LOC101083563,KRIT1,ECHDC1,ATP6V1G2,,E2RMN6
KRT7,,LOC101083875,KTN1,ECHS1,AKT2,,J9P6X5
KRT8,,LOC101083959,L3HYPDH,ECI1,EPB41L2,,E2RMN2
KRT80,,LOC101084134,Lamb1,ECM1,RHPN2,,E2RFR0
KRT9,,LOC101084193,LAMB2,ECPAS,AFMID,,P51147
KTN1,,LOC101084194,LAMB3,EDC4,LYPLA2,,E2RBR6
L3HYPDH,,LOC101084270,LAMC1,EEF1A1,SIN3A,,F1PFN3
LAMA2,,LOC101084876,Lamc2,EEF1B2,TPRKB,,F1PA19
LAMB2,,LOC101084915,LANCL2,EEF1D,GPHN,,E2RKN3
LAMC1,,LOC101085148,LARP1,EEF1D.1,TTN,,Q8WMS6
LAMC2,,LOC101085206,Lars,EEF1E1,ENSECAG00000036779,,E2RNB0
LANCL1,,LOC101085207,LDHB,EEF1G,CTTN,,A4GT58
LANCL2,,LOC101085247,Leprotl1,EEF2,CPA4,,F6XMP7
LAP3,,LOC101085451,Lgals1,EEF2K,RADX,,J9NTX8
LARP1,,LOC101085453,LGALS3,EEFSEC,SIRT2,,F1PNP7
LASP1,,LOC101085717,Lgals9,EFCAB5,ZNF516,,E2R240
LDHA,,LOC101085837,LHPP,EFEMP1,CFAP54,,E2RSI5
LDHB,,LOC101085975,Lims1,EFHD2,LAGE3,,J9P2P6
LGALS3,,LOC101086085,LIN7C,EFL1,PPIB,,J9NVD2
LHPP,,LOC101086240,Llgl1,EFTUD2,NGLY1,,E2RP71
LIMA1,,LOC101086587,LLGL2,EGFR,USP12,,E2RRD4
LIN7A,,LOC101086861,LMAN1,EGLN1,KCNB2,,E2RP74
LIN7C,,LOC101086936,LMAN2,EHBP1L1,CLPX,,F1P6W6
LLGL1,,LOC101086971,Lman2l,EHD1,IMPACT,,E2RPP2
LLGL2,,LOC101087008,LPP,EHD3,PHLPP2,,E2R5Y7
LMAN1,,LOC101087114,LRBA,EIF1,SLC35G2,,F1PDM3
LMAN2,,LOC101087365,Lrp1,EIF1AX,PPAT,,J9NZC6
LMNA,,LOC101087401,LRRC16A,EIF2A,EIF3J,,F1P972
LMNB1,,LOC101087599,Lrrc18,EIF2B1,BROX,,E2R8F7
LMNB2,,LOC101087915,Lrrc23,EIF2B2,HTRA4,,J9NXP8
LPAR3,,LOC101088078,LRRC59,EIF2B3,CSE1L,,E2QVF9
LPP,,LOC101088377,LRRC6,EIF2B4,VPS4B,,E2R6E4
LRBA,,LOC101088468,LRRC71,EIF2B5,PACSIN2,,E2R4A5
LRPAP1,,LOC101088681,Lrrfip1,EIF2D,FLOT2,,F1Q3C4
LRRC23,,LOC101088734,LRSAM1,EIF2S1,IGF2R,,E2RIW7
LRRC40,,LOC101088802,LTA4H,EIF2S2,ENSECAG00000031569,,E2QXA3
LRRC45,,LOC101089008,LTN1,EIF2S3,GSK3B,,L7N0I9
LRRC59,,LOC101089059,Lyn,EIF3A,SPATS2L,,E2RDU5
LRRC6,,LOC101089263,Lztfl1,EIF3B,MINAR1,,E2R431
LRRC71,,LOC101089499,MACF1,EIF3D,KNG1,,E2RGN6
LRRFIP1,,LOC101089505,Maea,EIF3E,UBE2D3,,F1PUN9
LRSAM1,,LOC101089914,MAGED2,EIF3F,H3C14,,L7N0H7
LSM8,,LOC101090095,MAGT1,EIF3G,SND1,,Q6YKA4
LTA4H,,LOC101090225,MAN1A2,EIF3I,CCDC6,,E2RMG3
LTF,,LOC101090262,MAN2C1,EIF3K,ENSECAG00000019029,,E2RS85
LTN1,,LOC101090556,Map1a,EIF3L,NNMT,,E2RE39
LZTFL1,,LOC101090856,MAP1B,EIF3M,ENSECAG00000008746,,F1PGH9
M6PR,,LOC101091006,MAP2K1,EIF4A1,DDX1,,F1PCX8
MACF1,,LOC101091022,MAP2K2,EIF4A2,DGKA,,F1PWW0
MAGED2,,LOC101091160,MAP2K3,EIF4B,FAM151B,,E2RQE7
MAGOH,,LOC101091307,Map3k5,EIF4E,ADPRH,,E2RDZ3
MAN2C1,,LOC101091382,Mapk1,EIF4E2,SLC44A4,,F6V5M4
MANF,,LOC101091499,MAPK14,EIF4G1,CYP2U1,,E2QW34
MAP1A,,LOC101091533,MAPK3,EIF4G2,TDRKH,,F1PEL3
MAP1B,,LOC101091579,MAPK8IP3,EIF4G3,DENR,,E2R5G6
MAP2K1,,LOC101091785,MAPKAP1,EIF4H,CD101,,J9PAT0
MAP2K2,,LOC101092025,MAPRE1,EIF5,RAP1GAP2,,F1Q1T5
MAP2K3,,LOC101092274,MARCKS,EIF5A,MSL3,,P54832
MAP3K5,,LOC101092516,MARS,EIF5B,GALK2,,F6UME0
MAP4,,LOC101092708,Mat2a,EIF6,ISG15,,E2RPP1
MAP7D3,,LOC101093016,MATN1,EIPR1,ETF1,,E2R4F5
MAPK1,,LOC101093519,MATN2,ELAVL1,PRRC1,,J9P2W1
MAPK14,,LOC101093537,MCC,ELMO2,ANKS1A,,J9P1M6
MAPK3,,LOC101093772,mcts1,ELMO3,DDX17,,F1Q3H1
MAPK8IP3,,LOC101093782,MDH1,ELOB,CTNNA1,,F1PS26
MAPK9,,LOC101093986,MEMO1,ELOC,LRP5,,E2R0Y5
MAPRE1,,LOC101094019,MFI2,ELP1,ENSECAG00000028562,,F1PLS4
MARCKS,,LOC101094311,Mgea5,ELP2,HMGCS1,,P67811
MARCKSL1,,LOC101094346,Mgrn1,ELP3,NUDT16,,E2RSU3
MAT2A,,LOC101094506,MIA3,EMC1,GNE,,F6V234
MATR3,,LOC101094758,MIB1,EMD,PRPF19,,E2RSJ7
MCTS1,,LOC101094897,Mid1,EML1,TMSB4X ,,F1PYE3
MDH1,,LOC101095127,Mink1,EML2,ENSECAG00000017845,,E2R8P4
MDH2,,LOC101095404,MIOS,EML3,ENAH,,E2RSJ3
MELTF,,LOC101095406,MKLN1,EML4,CDKN2C,,F1P6U3
MEMO1,,LOC101095750,MLEC,EML6,PDIA4,,J9P1V7
MFGE8,,LOC101096314,Mlf2,ENDOD1,PUS1,,J9NYN2
MID1,,LOC101096402,MMS19,ENDOG,DNAJC8,,J9NZ69
MIF,,LOC101096492,MOB1A,ENO3,ENSECAG00000003599,,J9P1V9
MINK1,,LOC101096497,MON2,ENPP4,CAMK2D,,F1PHP1
MIOS,,LOC101096566,MPDZ,EPB41,ARMT1,,E2QXF3
MMS19,,LOC101096742,MPP5,EPB41L1,ENSECAG00000013277,,E2RNY7
MON2,,LOC101096808,MSN,EPB41L2,CORO1C,,J9P702
MPP5,,LOC101096809,MTHFD1,EPB41L3,GMPR2,,E2R8Y3
MSLN,,LOC101096871,Mthfr,EPB41L5,MYLK,,F6UL20
MSN,,LOC101096902,Mtmr2,EPCAM,LANCL2,,F1PIT4
MTHFD1,,LOC101096995,MTOR,EPM2AIP1,HYOU1,,E2R498
MTHFR,,LOC101097024,MVB12A,EPN2,STAT6,,F1Q0B0
MTMR2,,LOC101097497,MVB12B,EPN3,EDF1,,F1PD80
MTMR9,,LOC101097701,MVP,EPPK1,COPB1,,F6XVB6
MTOR,,LOC101098145,Myadm,EPRS1,MPI,,Q50KA8
MUC1,,LOC101098159,MYCBP2,EPS15,CIRBP,,Q50KA9
MUC4,,LOC101098354,MYH10,EPS15L1,COPA,,E2R4X3
MVB12A,,LOC101098601,MYH14,EPS8L1,NAPA,,J9NS06
MVP,,LOC101098644,MYH9,EPS8L2,CA1,,F1PVZ2
MYCBP2,,LOC101098747,MYL12A,EPX,EMILIN3,,J9NS00
MYDGF,,LOC101098952,Myl6,ERAP1,NANS,,F6Y4A3
MYH10,,LOC101098967,MYLK,ERC1,CLTCL1,,F1P9Z4
MYH11,,LOC101099090,MYO18A,ERGIC1,PLG ,,E2RR58
MYH14,,LOC101099222,MYO1B,ERGIC3,MAP2K6,,E2QYN0
MYH9,,LOC101099268,MYO1C,ERI3,UBR4,,J9P6N4
MYL3,,LOC101099477,MYO1D,ERLEC1,GSPT1,,J9NRF4
MYL6,,LOC101099574,Myo1e,ERLIN2,FNTA,,J9P883
MYL9,,LOC101099622,MYO5A,ERP29,SOD1,,F1PRC5
MYLK,,LOC101099731,MYO5B,ERP44,CLNS1A,,E2RC86
MYO18A,,LOC101099773,MYO5C,ESD,PRKACB,,E2RPN1
MYO1B,,LOC101099779,MYO6,ESR1,PSPH,,F1PTX4
MYO1C,,LOC101099822,MYO9B,ESRP1,CFAP20,,F1P609
MYO1D,,LOC101100226,MYOF,ESYT1,RPL39,,E2R507
MYO1E,,LOC101100259,NAALADL2,ESYT2,CCAR1,,F1PJ65
MYO5A,,LOC101100486,naca,ETF1,STRAP,,E2RHG2
MYO5B,,LOC101100574,NADSYN1,ETFA,SEPTIN9,,E2RQP6
MYO6,,LOC101100814,Nampt,ETFB,SERPINF1,,E2R503
MYO9B,,LOC101100989,NANS,ETFDH,SNRPE,,F1PSI7
MYOF,,LOC101101125,NAP1L1,EVPL,BAX,,J9P0Q7
NAA10,,LOC101101243,Nap1l4,EXOC1,TANK,,E2RPE8
NAALADL2,,LOC101101494,NAPA,EXOC2,SDCBP,,F1PIB3
NACA,,LOC101101684,Napg,EXOC3,DR1,,E2RPE5
NADSYN1,,LOC102899134,NBEA,EXOC4,PPME1,,F1PE09
NAGA,,LOC102899210,NBEAL1,EXOC5,GMPR,,F1PXN2
NAMPT,,LOC102899259,ncaldb,EXOC8,UBA3,,F1PM56
NANS,,LOC102899273,NCAPD2,EXOSC10,RAB11FIP1,,E2RAG9
NAP1L1,,LOC102899391,NCAPG,EXOSC2,WDR54,,E2RNT3
NAP1L4,,LOC102900083,Ncdn,EXOSC3,TPK1,,J9NZ15
NAPA,,LOC102900754,NCEH1,EXOSC4,MVB12A,,E2RM89
NAPG,,LOC102901114,Nck1,EXOSC7,ATAD3A,,F1PKQ2
NAXE,,LOC102901316,NCKAP1,EXOSC8,SETX,,J9P4N2
NBEA,,LOC102901728,NCL,EXOSC9,RPL28,,F1PAM3
NBEAL1,,LOC102902086,NDRG2,EZR,ATP2C2,,F1PEU6
NCDN,,LOC102902599,NDUFS1,F10,EIF3D,,F2Z4N6
NCK1,,LOC105259637,NDUFV1,F11,HRAS,,F2Z4N7
NCKAP1,,LOC105259663,NECAP2,F11R,PSMD9,,F1PIM5
NCL,,LOC105259797,NEDD4L,F12,GGA1,,F2Z4N5
NCS1,,LOC105260228,NEK10,F13A1,NUDCD3,,F2Z4N2
NDRG1,,LOC105260537,NEK9,F2,LYPLA1,,F2Z4N3
NDRG2,,LOC105260540,NF1,F5,ENSECAG00000018050,,E2QU43
NECAP2,,LOC105260541,Nf2,F9,ELOC,,F1Q3U2
NEDD4L,,LOC105260551,NFKB1,FABP3,FADD,,Q8MJ47
NEK9,,LOC105260573,NFKB2,FABP4,DIABLO,,E2QS94
NELFB,,LOC105260654,NGLY1,FADD,CRPPA,,F1Q2Z4
NF2,,LOC105260844,Nid1,FAF1,NCKAP1,,E2QUT0
NFKB1,,LOC105260977,NLN,FAF2,HNRNPH1,,E2RKJ6
NFKB2,,LOC105261138,NME2P1,FAH,RABEP2,,J9P7X5
NGLY1,,LOC105261186,NMT1,FAHD2A,BABAM1,,E2QVP6
NID1,,LONP1,NNT,FAIM,AMPD2,,F1PAI5
NME7,,LONRF3,NOMO1,FAM114A1,ENSECAG00000043666,,F6XHT8
NME9,,LPAR3,Nos1,FAM114A2,VTA1,,J9P7X1
NMRK1,,LRBA,NPC1L1,FAM120A,EIF3L,,F1P9H6
NMT1,,LRGUK,NPEPPS,FAM120B,PEF1,,E2RQ65
NONO,,LRIF1,Nploc4,FAM160B1,STMN2,,J9P938
NPEPL1,,LRIG1,Nptn,FAM162A,MAT2B,,E2RM61
NPEPPS,,LRPAP1,NRBP1,FAM169A,ARPC5L,,F1PW98
NPLOC4,,LRRC23,Nrd1,FAM172A,ACTN2,,J9P830
NPM1,,LRRC34,Nsdhl,FAM3C,FABP5,,G1K277
NPTN,,LRRC40,Nsf,FAM91A1,PDCD6,,J9P425
NRAS,,LRRC45,Nt5c2,FAM98A,FAM114A1,,F1PEC2
NRBP1,,LRRFIP1,Ntn1,FARP1,SNRPD3,,E2RD92
NSF,,LSM8,Nudc,FARSA,C7H11orf58,,F1PHM4
NSFL1C,,LTA4H,NUDCD1,FARSB,PPP3R1,,F1P679
NT5C2,,LTF,NUMB,FBL,RAB5A,,E2R5U7
NT5E,,LYRM1,Nup214,FBLN2,XPO7,,E2RSD7
NUCB1,,M6PR,NUP93,FBXO22,PRMT1,,E2R2K4
NUCB2,,MAFK,OGDH,FBXO3,RTCB,,F1PCJ7
NUCKS1,,magoh,OGT,FBXO7,RPS29,,F1Q056
NUDC,,MAGOHB,Ola1,FBXW12,SLC34A2,,E2QY08
NUDCD1,,MAGT1,OLFM3,FBXW9,ENSECAG00000021090,,E2R0K4
NUMA1,,MAK,Opa1,FCGRT,PFDN6,,E2R0K5
NUMB,,MAN2B1,Oplah,FCHO2,RNPEP,,E2RH47
NUP214,,MANF,OSBP,FDPS,MCTS1,,E2RKG3
NUP93,,MAOA,Osbpl11,FDXR,EIF4G3,,F1PAR7
OGT,,MAOB,OSBPL3,FECH,TP53RK,,E2RKA9
OLA1,,MAP3K3,OSBPL9,FERMT1,ROCK1,,P38400
OPLAH,,MAP7D3,OTUB1,FERMT2,FIS1,,F1PAR8
OSBP,,MAP9,Otud7b,FERMT3,FAM98B,,F1PLV0
OSBPL3,,MAPK15,Oxsr1,FGA,SUMO3,,F1PDI6
OSBPL9,,MAPK9,P4HA1,FGB,PCNP,,J9NRV1
OSCP1,,MARC1,P4HB,FGFR1OP,TRAM1L1,,E2R119
OSMR,,MARC2,PA2G4,FGG,CYFIP1,,F1PYS6
OTUB1,,MARS,Pabpc1,FGGY,FKBP5,,J9NUJ4
OVGP1,,MAT2A,PABPC4,FH,ENSECAG00000023388,,E2RBU1
OXSR1,,MATR3,Pacrg,FHIT,GBA3,,J9NU88
P4HA1,,MCCC1,Pacsin1,FHL1,PTPN11,,J9NU89
P4HB,,MCCC2,PACSIN2,FHL2.1,ABI1,,J9NU25
PA2G4,,MDM1,PACSIN3,FHL3,WBP2,,E2RGP2
PABPC1,,ME2,Padi2,FIBP,RPL27A,,J9PA46
PABPC4,,ME3,Pafah1b1,FIS1,GNA11,,F6X4J2
PACSIN1,,MECP2,Pak2,FKBP15,ENSECAG00000042692,,L7N0D9
PACSIN2,,MECR,PAK4,FKBP1A,GLOD4,,F1P8G3
PADI2,,MED14,PARD6B,FKBP2,SERPINF2,,F1PA22
PAFAH1B1,,MELTF,PARK7,FKBP3,ENSECAG00000008542,,E2R5C3
PAICS,,MESDC2,PARVA,FKBP4,DNM1L,,E2RJV9
PAK2,,MFGE8,PCBP1,FKBP5,RAD23A,,E2RJQ2
PAK4,,MGST2,Pcbp2,FLII,ENSECAG00000039093,,E2RMC1
PARK7,,MLEC,PCCB,FLNA,ACTG1,,E2RJV6
PARP1,,MLF1,PCM1,FLNB,EIF3G,,E2RF38
PARVA,,MLF2,PCSK5,FLNC,PURA,,E2RQ08
PCBP1,,MLIP,Pcyox1,FLOT1,FAM120A,,F1Q3L3
PCBP2,,MORC1,Pdcd10,FLOT2,ARPC5,,P49256
PCM1,,MOSPD1,PDCD4,FMR1,RARRES2,,F1PBI6
PDCD10,,MPC2,Pdcd6,FN1,PPM1J,,E2RHF5
PDCD4,,MPDU1,PDCD6IP,FNBP1L,ANXA2,,E2R0P3
PDCD6,,MPP2,PDE4DIP,FNTA,SWAP70,,J9NU79
PDCD6IP,,MRTO4,Pde6d,FNTB,MARCKS,,E2R8E5
PDE4DIP,,MSN,PDIA3,FOCAD,BANF1,,E2RFV7
PDE6D,,MTCH1,PDIA4,FRY,CARHSP1,,F1P7S9
PDIA3,,MTDH,Pdia6,FRYL,PDCD5,,E2R7R0
PDIA4,,MTHFD1,Pdlim5,FSCN1,GAMT,,F1PXA0
PDIA5,,MTMR9,PDZK1,FSD1L,PPP6R1,,P02648
PDIA6,,MTOR,Pelo,FSTL1,BCL2A1,,J9P1J5
PDLIM1,,MVP,Pepd,FTH1,ENSECAG00000013303,,F1PS82
PDLIM5,,MYBBP1A,Pfn2,FTL,ENSECAG00000029003,,F1PE28
PDXK,,MYDGF,Pgam1,FUBP1,TUBB,,E2RDK4
PDZK1,,MYEF2,Pgm1,FUBP3,CRYM,,E2QV97
PEBP1,,MYH10,PGM2,FXR1,PEA15,,E2RKS4
PELO,,MYH11,Pgm5,FXR2,CAPG,,F1PVM9
PEPD,,MYH14,PGR,G3BP1.1,DPYD,,F1PIP7
PFKL,,MYH9,PHB2,G6PD,PITHD1,,F1PIP0
PFKM,,MYL1,PHKA1,GABARAP,FN3KRP,,F1P8N6
PFN1,,MYL3,Phka2,GABARAPL2,SEC14L3,,E2RLQ9
PFN2,,MYL6,PHKB,GABPA,RAB35,,E2RLQ6
PGAM1,,MYL6B,Phpt1,GALE,THAP4,,E2RLQ4
PGD,,MYL9,Pi4k2a,GALK1,GPI,,F6XY66
PGK1,,MYLK,PI4KA,GALK2,TRAP1,,E2RLQ2
PGM1,,MYO1C,PICK1,GALM,APOC2,,J9NYB5
PGM2,,MYO1D,Pigk,GALNS,BAG6,,J9PAQ7
PGM5,,MYO6,PIGR,GALNT1,RAB8B,,E2R118
PGR,,MYO9A,PIK3AP1,GALNT2,ACOT4,,F6XIK8
PHKA1,,MYOF,PIK3C3,GALT,SH3GLB1,,A0A0B4J194
PHKA2,,NAA10,PIK3CA,GAMT,CARMIL1,,J9PAQ1
PHKB,,NAGA,PIK3R4,GANAB,PRKAR1A,,J9P9C4
PHPT1,,NAGLU,Pip4k2a,GAPDH,FTL,,F1Q2F6
PI4KA,,NAP1L1,Pip4k2b,GAPVD1,NUDT9,,E2QV08
PICK1,,NAP1L4,PIP4K2C,GAR1,ENSECAG00000000097,,F6XRY2
PIGR,,NAPA,PITPNA,GARS1,MAT2A,,F1Q3G5
PIK3AP1,,NAPB,Pitpnb,GART,ARFIP1,,F1Q3G7
PIK3C3,,NARS,PKHD1L1,GATD1,SCRN3,,E2QW69
PIK3CA,,NAXE,Pkm,GCA,VPS25,,E2RHY7
PIK3R4,,NCCRP1,PKN1,GCC2,LSM2,,J9P4R8
PIP4K2A,,NCKAP1,Pkn2,GCDH,TAGLN3,,P63273
PIP4K2B,,NCL,PKP1,GCLC,ENO3,,F1PEI2
PIP4K2C,,NCLN,PLAA,GCLM,ECPAS,,J9NV14
PITPNA,,NCS1,Plcb1,GCN1,AFM,,F6X9E9
PITPNB,,NDN,PLCB3,GDA,ENSECAG00000031302,,O18840
PKHD1L1,,NDUFA12,PLCD1,GDI1,RAB14,,E2R2S9
PKM,,NDUFA13,Plcg2,GDI2,AP2B1,,F1PCE8
PKN1,,NDUFA9,Plcxd3,GEMIN5,AAMDC,,G1K2D8
PKN2,,NDUFB10,PLD1,GET3,PDIA6,,J9NUS5
PLAA,,NDUFB11,PLEC,GET4,PIP4K2C,,F1PRT4
PLCB1,,NDUFB5,Plekha1,GFPT1,JPT2,,F6Y8P9
PLCD1,,NDUFB6,Pls1,GGA1,EIF3M,,E2QUT7
PLCG2,,NDUFS1,PLS3,GGA2,S100A6,,E2RH91
PLEC,,NDUFS2,PLXNB2,GGACT,EIF4E,,F1P9T5
PLS1,,NDUFS7,PNP,GGT5,NQO1,,E2R9I1
PLS3,,NDUFS8,POC5,GIPC1,ENSECAG00000038332,,E2RKT9
PLXNB2,,NDUFV1,Polr2b,GIT1,PBDC1,,F1PPH7
PNP,,NEFH,POR,GK,HSPA4L,,J9JHP0
PODXL,,NELFB,Postn,GLB1,ALDH1A1 ,,F1PDB4
POLR2B,,nfe2l3,PPA1,GLDC,IST1,,F1PKU9
POSTN,,NFIA,Ppfibp2,GLG1,HSPA1L,,E2RK00
PPA1,,NID1,PPIA,GLIPR2,WNK1,,E2R150
PPFIBP2,,NID2,Ppib,GLMN,VASP,,J9PB49
PPIA,,NIFK,PPL,GLO1,HBA ,,J9NYK7
PPIB,,NLRC4,Ppm1b,GLOD4,EED,,E2RAT6
PPL,,NME1,Ppme1,GLRX,UBA2,,F1Q3Y2
PPM1B,,NME7,Ppp1cb,GLRX3,EIF6,,E2RG10
PPME1,,NME9,ppp1cc-b,GLS,RPL21,,F1Q3Y0
PPP1CB,,NMRK1,PPP1R12A,GLUD1,IQGAP2,,J9NZ55
PPP1R12A,,NNT,PPP1R21,GLUL,RPS28,,F1P6A4
PPP1R16A,,NOLC1,Ppp1r7,GM2A,CD81,,Q3YIX4
PPP1R21,,nomo3,Ppp1r9a,GMDS,ENSECAG00000006082,,F1PTP3
PPP1R7,,NONO,PPP1R9B,GMFB,ENSECAG00000006417,,F6XLB5
PPP2CA,,NOP56,PPP2CA,GMPPA,CFL2,,J9P0J7
PPP2R1A,,NPEPL1,Ppp2r1a,GMPPB,HSPA2,,Q6TEQ7
PPP2R1B,,NPEPPS,Ppp2r1b,GMPR,VTN,,J9JHI3
PPP2R2A,,NPM1,Ppp2r2a,GMPS,SYPL1,,E2RBC3
PPP2R5A,,NPTN,PPP2R4,GNA11,WIPF3,,J9P168
PPP2R5D,,nptxr,Ppp2r5a,GNA13,PTGES3,,Q29393
PPP2R5E,,NRAS,PPP2R5D,GNAI2,SNF8,,F1PH35
PPP4R1,,NSF,Ppp2r5e,GNAI3,L3HYPDH,,E2RBC5
PPP5C,,NSFL1C,PPP4R1,GNAS,EHD1,,
PPP6C,,NT5E,Ppp5c,GNB1,CBR3,,
PPP6R3,,NUCB1,Ppp6c,GNB2,ASPSCR1,,
PRDX1,,NUCB2,PPP6R3,GNB4,LSM8,,
PRDX2,,NUCKS1,Prdx1,GNE,AAMDC,,
PRDX4,,NUDC,PRDX4,GNL1,FBXO7,,
PRDX6,,NUMA1,PREB,GNPAT,PRKCA,,
PREP,,NUP210,PREP,GNPDA1,SERPING1,,
PRKAA1,,NUP93,Prkaa1,GNPDA2,VPS35,,
PRKAB1,,OAT,PRKAB1,GNPNAT1,ENSECAG00000036819,,
PRKACA,,ODF2,Prkaca,GNS,ENSECAG00000030892,,
PRKACB,,ODF3B,PRKACB,GOLGA2,ENSECAG00000020136,,
PRKAG1,,OGDH,PRKACG,GOLGA3,RTRAF,,
PRKAR1A,,OPA1,PRKAG1,GOLGA4,P4HB,,
PRKAR2A,,OS9,Prkar1a,GOLGB1,AASDHPPT,,
PRKAR2B,,OSMR,PRKAR2A,GOLM1,LRP2,,
PRKCA,,OVGP1,Prkar2b,GOLPH3,BPNT1,,
PRKCD,,OXSR1,Prkca,GOLPH3L,EIF3E,,
PRKCI,,P4HA1,PRKCD,GOPC,GNG12,,
PRKD2,,P4HB,Prkcg,GORASP2,PDIA3,,
PRMT1,,PA2G4,PRKCI,GOT1,ENSECAG00000029003,,
PRMT5,,PABPC1,PRKD1,GOT2,ENSECAG00000032188,,
PROM1,,PABPC1L,PRKD2,GPCPD1,UBAP2L,,
PRPF8,,PABPC4,PRKD3,GPD1L,ACTB ,,
PRPS1,,PACRG,Prmt1,GPD2,SH3BGRL3,,
PRPS2,,PACSIN2,prmt1-a,GPHN,ENSECAG00000021789,,
PRPSAP1,,PAFAH1B1,PRMT5,GPI,SPI2,,
PRPSAP2,,PAICS,Prpf8,GPNMB,PPP1CA,,
PRRC1,,PARK7,Prps1,GPRC5A,FBP1,,
PSAT1,,PARP1,prps2,GPRC5C,GSTA3,,
PSMA1,,PARP6,Prpsap1,GPT,RALB,,
PSMA3,,PATE2,Prpsap2,GPX1,LYPLAL1,,
PSMA4,,PCBP1,PRRC1,GPX2,SCAMP2,,
PSMA5,,PCBP2,PSAT1,GPX3,PIP4K2C,,
PSMA6,,PCBP3,PSMA1,GPX4,KRT77,,
PSMA7,,PCCA,Psma2,GRB2,FERMT2,,
PSMB1,,PCED1A,Psma3,GRHPR,ENSECAG00000013269,,
PSMB3,,PCED1B,Psma4,GRIPAP1,DNAH9,,
PSMB5,,PCM1,Psma5,GSK3B,FBXW9,,
PSMB6,,PDCD6,Psma6,GSN,UBE2I,,
PSMB7,,PDCD6IP,Psma7,GSN.1,HNRNPDL,,
PSMC1,,PDHA1,PSMB1,GSR,KRT1,,
PSMC2,,PDHB,Psmb3,GSS,USO1,,
PSMC3,,PDIA3,PSMB5,GSTA1,ACTBL2,,
PSMC4,,PDIA4,PSMB6,GSTK1,HBA,,
PSMC5,,PDIA5,PSMB7,GSTP1,ENSECAG00000034000,,
PSMC6,,PDIA6,Psmc1,GSTT2B,RPL36A-HNRNPH2,,
PSMD1,,PEBP1,PSMC2,GSTZ1,MAN2C1,,
PSMD11,,pelp1,Psmc3,GTF2B,MVP,,
PSMD12,,PFKL,PSMC4,GTF2E1,HMGB2,,
PSMD13,,PFKM,PSMC5,GTF2E2,PDCD6IP,,
PSMD14,,PFN1,Psmc6,GTF2F2,ENSECAG00000008979,,
PSMD2,,PFN2,PSMD1,GTPBP1,EIF4A3,,
PSMD3,,PGAM1,PSMD11,GUCY1A1,MOB1B,,
PSMD4,,PGAM2,PSMD12,GUCY1B1,HARS1,,
PSMD6,,PGAM5,PSMD13,GUK1,PABPC4,,
PSMD7,,PGD,Psmd14,GUSB,GNA12,,
PSMD8,,PGK1,PSMD2,GYG1,NRBP1,,
PSME1,,PGRMC2,Psmd3,HABP2,WASF2,,
PSME2,,,PSMD4,HACE1,ARF4,,
PSME4,,,PSMD6,HADH,KYAT3,,
PSPH,,,Psmd7,HADHA,CUL1,,
PTBP1,,,PSMD8,HADHB,PHKG2,,
PTGES3,,,PSME1,HAGH,OGA,,
PTK2,,,PSME2,HAGHL,BPNT1,,
PTK2B,,,PSME4,HARS1,PDCD6IP,,
PTK7,,,Psph,HAT1,FHL1,,
PTPN11,,,Ptbp1,HCLS1,RAC1,,
PTPN13,,,PTEN,HDAC1,WDR77,,
PTPN23,,,Ptges3,HDAC10,CPNE3,,
PTPN6,,,Ptgfrn,HDAC2,CEP162,,
PTPRF,,,Ptk2,HDAC6,PRUNE1,,
PTPRJ,,,PTK2B,HDDC2,A2M,,
PURA,,,PTK7,HDDC3,MUC1,,
PWP1,,,PTPN11,HDGFL2,DLGAP4,,
PYGB,,,PTPN13,HDHD2,CHMP1A,,
PYGL,,,Ptpn23,HDHD5,PTBP1,,
QDPR,,,PTPN6,HDLBP,ENSECAG00000038550,,
QSOX1,,,Ptprf,HEATR3,FAU,,
RAB10,,,Ptprj,HEATR5A,IPO9,,
RAB11B,,,PTPRS,HEATR5B,GCN1,,
RAB13,,,PTRF,HEATR6,AGT,,
RAB14,,,Pura,HEBP1,PLCD1,,
RAB18,,,PWP1,HEBP2,,,
RAB1A,,,PXK,HECTD1,,,
RAB1B,,,PYCRL,HECTD4,,,
RAB21,,,Pygb,HECW2,,,
RAB23,,,PYGL,HERC4,,,
RAB27B,,,QARS,HEXB,,,
RAB2A,,,Qdpr,HEXIM1,,,
RAB2B,,,Qsox1,HGS,,,
RAB34,,,Rab10,HIBADH,,,
RAB35,,,RAB11B,HIBCH,,,
RAB3A,,,RAB13,HID1,,,
RAB3GAP1,,,Rab14,HINT1,,,
RAB4B,,,RAB18,HIP1,,,
RAB5A,,,Rab1A,HIP1R,,,
RAB5B,,,RAB1B,HK1,,,
RAB5C,,,RAB21,HLCS,,,
RAB6A,,,RAB22A,HM13,,,
RAB7A,,,RAB23,HMBS,,,
RAB8A,,,Rab27a,HMGB1,,,
RAB8B,,,RAB27B,HMGB3,,,
RABEP1,,,RAB2A,HMGCS1,,,
RABGAP1,,,RAB2B,HMGN2,,,
RABGEF1,,,RAB34,HMOX2,,,
RABGGTA,,,Rab35,HNMT,,,
RAC1,,,Rab3a,HNRNPA0,,,
RAD50,,,RAB3GAP1,HNRNPA1,,,
RAE1,,,Rab4b,HNRNPA2B1,,,
RAI14,,,RAB5A,HNRNPA3,,,
RALA,,,Rab5b,HNRNPAB,,,
RALGAPA2,,,Rab5c,HNRNPC.1,,,
RALGAPB,,,Rab6a,HNRNPH3,,,
RAN,,,Rab7a,HNRNPK,,,
RANBP10,,,RAB8A,HNRNPL,,,
RANBP9,,,Rab8b,HNRNPLL,,,
RAP1A,,,RABEP1,HNRNPM,,,
RAP1B,,,RABGAP1,HNRNPR.1,,,
RAP1GAP,,,Rabgef1,HNRNPUL1,,,
RAP2B,,,Rabggta,HNRNPUL2,,,
RAP2C,,,Rabl2,HOOK1,,,
RARRES1,,,Rac1,HOOK2,,,
RBBP7,,,RAD50,HOOK3,,,
RBM47,,,Rae1,HP1BP3,,,
RBP1,,,RAI14,HPCAL1,,,
RDX,,,Rala,HPRT1,,,
RELA,,,Ralgapa2,HPX,,,
REPS1,,,RALGAPB,HS1BP3,,,
REXO2,,,ran,HSD17B10,,,
RHOA,,,RANBP10,HSD17B11,,,
RHOC,,,RANBP9,HSD17B12,,,
RHOG,,,Rap1a,HSD17B4,,,
RICTOR,,,Rap1b,HSDL2,,,
RNF31,,,RAP1GAP,HSP90AA1,,,
RNH1,,,Rap1gap2,HSP90AB1,,,
RNPEP,,,Rap2a,HSPA12A,,,
ROCK1,,,Rap2b,HSPA12B,,,
ROCK2,,,RAP2C,HSPA14,,,
ROPN1L,,,Rapgef3,HSPA2,,,
RPAP3,,,RASA3,HSPA4,,,
RPL10,,,Rbbp7,HSPA4L,,,
RPL10A,,,RBM47,HSPA5,,,
RPL11,,,Rbp1,HSPA8,,,
RPL12,,,Rbx1,HSPA9,,,
RPL13,,,RDX,HSPB1,,,
RPL13A,,,RELA,HSPB7,,,
RPL14,,,Reps1,HSPBP1,,,
RPL17,,,Rer1,HSPD1,,,
RPL18,,,Rexo2,HSPG2,,,
RPL18A,,,Rhoa,HTATIP2,,,
RPL19,,,Rhoc,HUWE1,,,
RPL21,,,Rhog,HYKK,,,
RPL23,,,RIBC2,HYOU1.1,,,
RPL24,,,RICTOR,IAH1,,,
RPL27,,,RIT1,IARS1,,,
RPL27A,,,RMND5A,IARS2,,,
RPL28,,,RNF213,ICA1,,,
RPL3,,,RNF31,ICAM1,,,
RPL30,,,RNPEP,IDE,,,
RPL36,,,ROCK1,IDE.1,,,
RPL4,,,ROCK2,IDH1,,,
RPL5,,,ROGDI,IDH2,,,
RPL6,,,RPAP3,IDH3A,,,
RPL7A,,,Rpl10,IFI30,,,
RPL8,,,Rpl10a,IFIH1,,,
RPLP0,,,Rpl11,IFRD2,,,
RPS11,,,Rpl12,IFT122,,,
RPS13,,,Rpl13,IFT140,,,
RPS14,,,RPL13A,IFT172,,,
RPS15,,,RPL14,IFT46,,,
RPS15A,,,Rpl15,IGBP1,,,
RPS16,,,Rpl17,IGF2BP2,,,
RPS17,,,RPL18,IGF2R,,,
RPS18,,,RPL18A,IGFALS,,,
RPS2,,,RPL21,IGFBP3,,,
RPS20,,,Rpl23,IKBKB,,,
RPS23,,,rpl24,IKBKG,,,
RPS27A,,,Rpl27,IL18,,,
RPS3,,,RPL27A,ILF3,,,
RPS3A,,,RPL28,ILK,,,
RPS5,,,RPL3,ILVBL,,,
RPS6,,,Rpl30,IMMT,,,
RPS6KA1,,,Rpl32,IMPA1,,,
RPS6KA3,,,RPL36,IMPDH1,,,
RPS7,,,Rpl4,IMPDH2,,,
RPS8,,,Rpl5,INPP1,,,
RPS9,,,RPL6,INPP5B,,,
RPSA,,,RPL7,INPPL1,,,
RPTOR,,,Rpl7a,IPO11,,,
RRAS,,,Rpl8,IPO13,,,
RRAS2,,,RPL9,IPO5,,,
RRM1,,,Rps11,IPO7,,,
RSPH3,,,Rps13,IPO8,,,
RSPH4A,,,Rps14,IPO9,,,
RSU1,,,Rps15,IQGAP1,,,
RTCA,,,Rps15a,IQGAP2,,,
RTCB,,,Rps16,IQSEC1,,,
RTN4,,,Rps17,IRF6,,,
RUFY1,,,rps18,ISLR,,,
RUFY3,,,Rps2,ISOC1,,,
RUVBL1,,,Rps20,IST1,,,
RUVBL2,,,Rps23,ITGA2,,,
S100A10,,,Rps27,ITGA3,,,
S100A11,,,RPS27A,ITGA6,,,
S100A14,,,Rps3,ITGB1,,,
S100A16,,,RPS3A,ITGB3,,,
S100A4,,,Rps4x,ITGB4,,,
SAR1A,,,RPS5,ITIH2,,,
SBDS,,,Rps6,ITIH3,,,
SCAMP1,,,RPS6KA1,ITPKC,,,
SCAMP2,,,RPS6KA3,IVNS1ABP,,,
SCAMP3,,,Rps7,IWS1,,,
SCFD1,,,Rps8,JCHAIN,,,
SCIN,,,Rps9,JMJD1C,,,
SDCBP,,,RPTOR,JMJD6,,,
SEC13,,,Rraga,JUP,,,
SEC14L3,,,RRAS,KANK2,,,
SEC22B,,,Rras2,KANK4,,,
SEC23A,,,Rrm1,KARS1,,,
SEC23IP,,,RSPH3,KCMF1,,,
SEC24A,,,Rsph6a,KCTD12,,,
SEC24B,,,Rspry1,KCTD14,,,
SEC24C,,,RSU1,KCTD21,,,
SEC24D,,,RTCA,KDELR2,,,
SEC31A,,,RTCB,KHDRBS1,,,
SELENBP1,,,Rtn3,KHSRP,,,
SERBP1,,,Rtn4,KIAA0556,,,
SERPINH1,,,RUFY1,KIAA1217.1,,,
SF3B1,,,RUFY3,KIAA1324,,,
SF3B3,,,RUVBL1,KIAA2013,,,
SH3BGRL2,,,RUVBL2,KIF13B,,,
SH3BP4,,,S100A10,KIF21A,,,
SH3GL1,,,S100A9,KIF27,,,
SH3PXD2B,,,Sacm1l,KIF2A,,,
SKIV2L,,,SAR1A,KIF3A,,,
SLC29A1,,,Sars,KIF3B,,,
SLC31A1,,,SBDS,KIF5B,,,
SLC44A1,,,SBF1,KIFAP3,,,
SLC44A4,,,SBF2,KLC1,,,
SLC5A1,,,SBSN,KLC2,,,
SLC6A8,,,Scamp1,KLC4,,,
SLC9A3R1,,,SCAMP2,KLHDC4,,,
SMAD4,,,SCAMP3,KLKB1,,,
SMC1A,,,SCFD1,KNG1,,,
SMC2,,,SCIN,KPNA1,,,
SMC3,,,SDCBP,KPNA3,,,
SMC4,,,Sdha,KPNA4,,,
SMG1,,,SDPR,KPNA6,,,
SMS,,,Sec11a,KPNB1,,,
SNAP23,,,Sec13,KRAS,,,
SND1,,,Sec22b,KRT18,,,
SNRNP200,,,Sec23a,KRT19,,,
SNRPD2,,,SEC23IP,KRT7,,,
SNRPD3,,,Sec24a,KRT8,,,
SNX1,,,SEC24B,KTN1,,,
SNX2,,,SEC24C,KYAT1,,,
SNX27,,,SEC24D,L3HYPDH,,,
SNX5,,,SEC31A,LAMB1,,,
SNX6,,,Sec61a1,LAMC3,,,
SNX9,,,SEC63,LAMP1,,,
SORT1,,,SEH1L,LAMTOR1,,,
SPAG1,,,SEL1L,LAMTOR3,,,
SPAG6,,,Selenbp1,LANCL1,,,
SPAG9,,,SEPT11,LANCL2,,,
SPTAN1,,,SEPT2,LAP3,,,
SPTBN1,,,SEPT5,LARP1,,,
SRGAP2,,,SEPT6,LARP7,,,
SRI,,,SEPT7,LARS1,,,
SRP54,,,SEPT8,LCAT,,,
SRP68,,,SEPT9,LCMT1,,,
SRP72,,,SERBP1,LCP1,,,
SRPK1,,,SERINC1,LDHA,,,
SSH3,,,SERPINH1,LDHB,,,
ST13,,,Sf3b1,LDLRAP1,,,
STAM2,,,Sf3b3,LEO1,,,
STAMBP,,,SH3BGRL2,LGALS3,,,
STAT1,,,SH3BP4,LGALSL,,,
STAT3,,,Sh3gl1,LGMN,,,
STAT5B,,,SH3KBP1,LIMS1,,,
STIP1,,,SH3PXD2B,LIN7C,,,
STK10,,,SHANK2,LIPA,,,
STK24,,,SIGMAR1,LLGL1,,,
STK36,,,SKIV2L,LLGL2,,,
STK39,,,Slc12a7,LMAN1,,,
STK4,,,SLC15A2,LMAN2,,,
STOM,,,Slc1a1,LMCD1,,,
STRADA,,,Slc25a5,LMF2,,,
STRAP,,,SLC30A5,LMNB1,,,
STRIP1,,,SLC30A6,LMNB2,,,
STRN,,,Slc31a1,LMO7,,,
STRN3,,,SLC44A1,LMOD1,,,
STUB1,,,SLC5A1,LNPEP,,,
STX12,,,Slc5a6,LOC100913205,,,
STX2,,,SLC6A8,LOC100913245,,,
STX3,,,SLC8A2,LOC100913340,,,
STX7,,,Slc9a3r1,LOC100913427,,,
STXBP1,,,Slc9a3r2,LOC100913653,,,
STXBP2,,,Slit2,LOC100913958,,,
STXBP3,,,SMAD4,LOC100914020,,,
SWAP70,,,SMC1A,LOC100914290,,,
SYNCRIP,,,SMC2,LOC100914408,,,
SYNE2,,,SMC3,LOC100914473,,,
TACC2,,,SMC4,LOC100914473.1,,,
TAGLN2,,,SMG1,LOC100914496,,,
TALDO1,,,Sms,LOC100914588,,,
TAOK1,,,SMYD2,LOC100914654,,,
TAOK3,,,Snap23,LOC100915208,,,
TARBP1,,,SND1,LOC100915609,,,
TARDBP,,,Snrnp200,LOC100915652,,,
TBC1D1,,,Snrpd1,LOC100915670,,,
TBC1D10A,,,Snrpd2,LOC100915785,,,
TBC1D23,,,snrpd3,LOC100915865,,,
TBC1D4,,,SNX1,LOC100915930,,,
TBC1D5,,,Snx2,LOC100915994,,,
TBC1D8B,,,Snx27,LOC100915997,,,
TBCD,,,SNX5,LOC100916389,,,
TBCK,,,SNX6,LOC100916549,,,
TBK1,,,SNX9,LOC100916642,,,
TBL1XR1,,,SORT1,LOC100916735,,,
TCP1,,,SPAG1,LOC100916768,,,
TES,,,Spag6,LOC100916813,,,
TF,,,Spag9,LOC100916813.1,,,
TFCP2,,,SPATS2L,LOC100916907,,,
TFG,,,Spcs2,LOC100917076,,,
TGM2,,,SPCS3,LOC100917086,,,
TIPRL,,,SPEF1,LOC100917098,,,
TJP2,,,SPRR1B,LOC100917146,,,
TKT,,,SPRYD7,LOC100917223,,,
TLN1,,,SPTAN1,LOC100917402,,,
TLN2,,,SPTBN1,LOC100917453,,,
TMC4,,,Sptlc1,LOC100917553,,,
TMED10,,,Sptlc2,LOC100917573,,,
TMED2,,,Sqrdl,LOC100917839,,,
TMED7,,,SRC,LOC100918000,,,
TNFAIP8,,,SRGAP2,LOC100918187,,,
TNPO1,,,Srp54,LOC100918259,,,
TNPO2,,,Srp68,LOC100918281,,,
TNPO3,,,SRP72,LOC100918642,,,
TOM1,,,SRPK1,LOC100918923,,,
TPD52L2,,,Srpx,LOC100918980,,,
TPI1,,,Srr,LOC100919131,,,
TPM3,,,SSA2,LOC100919227,,,
TPP2,,,Ssh3,LOC100919292,,,
TPPP3,,,SSR4,LOC100919523,,,
TRAF6,,,ST13,LOC100919651,,,
TRAPPC11,,,Stam2,LOC100919695,,,
TRAPPC4,,,Stambp,LOC100919759,,,
TRAPPC6B,,,STAT1,LOC100919855,,,
TRAPPC8,,,STAT3,LOC100919984,,,
TRIM25,,,Stat5b,LOC100920101,,,
TRIOBP,,,Stip1,LOC100920165,,,
TRIP11,,,STK10,LOC100920182,,,
TRIP12,,,STK16,LOC100920247,,,
TSC1,,,Stk24,LOC100920443,,,
TSC2,,,Stk25,LOC100920453,,,
TSG101,,,STK36,LOC100920453.1,,,
TSN,,,STK39,LOC100920562,,,
TSTA3,,,Stk4,LOC100920614,,,
TTC21A,,,STOM,LOC100920753,,,
TTC21B,,,STOML3,LOC100920900,,,
TTC25,,,STRADA,LOC100920969,,,
TTC26,,,Strap,LOC100921013,,,
TTC37,,,STRIP1,LOC100921442.1,,,
TTC8,,,Strn,LOC100921760,,,
TTLL12,,,Strn3,LOC100921809,,,
TUBA4A,,,Stt3a,LOC100922149,,,
TUBB4B,,,STT3B,LOC100922461,,,
TUBG1,,,STUB1,LOC100922482,,,
TUBGCP3,,,Stx12,LOC100922596,,,
TWF1,,,STX2,LOC100922607,,,
TWF2,,,Stx3,LOC100922782,,,
TXLNA,,,Stx7,LOC100922849,,,
TXN,,,STXBP1,LOC100923003,,,
TXNDC5,,,STXBP2,LOC100923048,,,
TXNL1,,,STXBP3,LOC100923275,,,
UAP1,,,STXBP5,LOC100923345,,,
UBA1,,,Stxbp6,LOC100923620,,,
UBA6,,,SULT1A2,LOC100923639,,,
UBE2L3,,,Surf4,LOC100923802,,,
UBE2M,,,Swap70,LOC100923835,,,
UBE2Z,,,Syncrip,LOC100923915,,,
UBE3C,,,SYNE1,LOC100923960,,,
UBLCP1,,,SYNE2,LOC100924032,,,
UBR1,,,Sytl1,LOC100924152,,,
UBR2,,,Syvn1,LOC100924346,,,
UBR4,,,TACC2,LOC100924419,,,
UCHL5,,,Tagln2,LOC100924710,,,
UGDH,,,TAOK1,LOC100924827,,,
UHRF1BP1L,,,TAOK3,LOC100924919,,,
UMPS,,,TARBP1,LOC100925190,,,
UNC45A,,,tardbp,LOC100925261,,,
UPF1,,,Tars,LOC100925390,,,
UPF2,,,TBC1D1,LOC100925494,,,
UPK1B,,,TBC1D10A,LOC100925541,,,
UPRT,,,Tbc1d10b,LOC100925641,,,
USO1,,,TBC1D23,LOC100925808,,,
USP14,,,TBC1D4,LOC100925873,,,
USP15,,,TBC1D5,LOC100925940,,,
USP19,,,TBC1D8B,LOC100925942,,,
USP24,,,TBCD,LOC100926253,,,
USP47,,,TBCK,LOC100926310,,,
USP5,,,TBK1,LOC100926438,,,
USP7,,,TBL1XR1,LOC100926484.1,,,
USP9X,,,TCP1,LOC100926505,,,
UTRN,,,TCTE1,LOC100926570,,,
VAMP3,,,TECR,LOC100926719,,,
VASP,,,TEKT1,LOC100926836,,,
VAT1,,,Tekt3,LOC100926881,,,
VBP1,,,TEKT4,LOC100927026,,,
VCAN,,,TENM4,LOC100927091,,,
VCL,,,TES,LOC100927108,,,
VCP,,,TFCP2,LOC100927203,,,
VCPIP1,,,TFG,LOC100927223,,,
VPS11,,,Tfrc,LOC100927276,,,
VPS13C,,,TGas006m08.1,LOC100927409,,,
VPS16,,,TGFBRAP1,LOC100927605,,,
VPS18,,,TGM2,LOC100927944,,,
VPS26A,,,TGM3,LOC100928142,,,
VPS26B,,,THBS3,LOC100928439,,,
VPS29,,,THSD4,LOC100928456,,,
VPS33B,,,Tiprl,LOC100928777,,,
VPS35,,,TJP2,LOC100928872,,,
VPS36,,,TKT,LOC100928890,,,
VPS4A,,,TLN1,LOC100929216,,,
VPS4B,,,TLN2,LOC100929360,,,
VPS51,,,TM9SF1,LOC100929421,,,
VPS52,,,TM9SF2,LOC100929463,,,
VWA7,,,TM9SF3,LOC100930150,,,
WDR1,,,TM9SF4,LOC100930244,,,
WDR11,,,TMED1,LOC100930325,,,
WDR19,,,TMED10,LOC100930430,,,
WDR26,,,Tmed2,LOC100930436,,,
WDR35,,,TMED3,LOC100930478,,,
WDR37,,,Tmed4,LOC100930484,,,
WDR47,,,TMED5,LOC100930529,,,
WDR48,,,Tmed7,LOC100930545,,,
WDR54,,,TMED9,LOC100930609,,,
WDR61,,,TMEM30A,LOC100930770,,,
WDR91,,,TMEM30B,LOC100930828,,,
WDR92,,,TMEM43,LOC100930829,,,
XPNPEP1,,,Tmem67,LOC100930829.1,,,
XPO1,,,TMEM87A,LOC100930850,,,
XPO5,,,Tnfaip8,LOC100931141,,,
XPO7,,,TNPO1,LOC100931196,,,
XRCC5,,,Tnpo2,LOC100931469,,,
YBX1,,,TNPO3,LOC100931486,,,
YES1,,,TOM1,LOC100931898,,,
YKT6,,,TOM2A,LOC100931899,,,
YPEL5,,,TOMM40,LOC100932187,,,
YWHAB,,,TOMM70A,LOC100932208,,,
YWHAE,,,Tpd52l2,LOC100932429,,,
YWHAG,,,TPI1,LOC100932522,,,
YWHAH,,,Tpm3,LOC100932537,,,
YWHAQ,,,TPP2,LOC100932646,,,
YWHAZ,,,TPPP3,LOC100932693,,,
ZFYVE16,,,Tprg1l,LOC100932742,,,
ZMYND10,,,TRAF2,LOC100932765,,,
ZNFX1,,,Traf3,LOC100932783,,,
ZW10,,,TRAF6,LOC100932786,,,
ZZEF1,,,Tram1,LOC100932919,,,
,,,TRAPPC1,LOC100933026,,,
,,,TRAPPC11,LOC100933051,,,
,,,TRAPPC4,LOC100933396,,,
,,,Trappc6b,LOC100933548,,,
,,,TRAPPC8,LOC100933747,,,
,,,TRIM25,LOC100934104,,,
,,,TRIM29,LOC100934314,,,
,,,TRIO,LOC100934317,,,
,,,TRIOBP,LOC100934513,,,
,,,TRIP11,LOC100934526,,,
,,,TRIP12,LOC100934580,,,
,,,TROVE2,LOC100934670,,,
,,,TSC1,LOC100934717,,,
,,,TSC2,LOC100934869,,,
,,,TSG101,LOC100934962,,,
,,,TSN,LOC100935043,,,
,,,Tspan14,LOC100935065,,,
,,,TSPAN6,LOC100935198,,,
,,,Tsta3,LOC100935369,,,
,,,TTC21A,LOC105749276,,,
,,,TTC21B,LOC105749295,,,
,,,TTC25,LOC105749564,,,
,,,TTC26,LOC105749589,,,
,,,TTC37,LOC105750336,,,
,,,TTC7B,LOC105750365,,,
,,,TTC8,LOC105751110,,,
,,,TTLL12,LOC111718876,,,
,,,Tuba4a,LOC111719270,,,
,,,TUBB,LOC111719513,,,
,,,TUBG1,LOC111719515,,,
,,,TUBGCP3,LOC111719883,,,
,,,TUFM,LOC111719988,,,
,,,TWF1,LOC111720255,,,
,,,TWF2,LOC111720324,,,
,,,TXLNA,LOC111720987,,,
,,,Txlng,LOC111721155,,,
,,,TXNDC5,LOC116419411,,,
,,,Txnl1,LOC116420445,,,
,,,UAP1,LOC116420588,,,
,,,UBA1,LOC116420772,,,
,,,UBA6,LOC116421631,,,
,,,Ube2l3,LOC116421942,,,
,,,Ube2m,LOC116422509,,,
,,,UBE2Z,LOC116422623,,,
,,,UBE3B,LOC116422646,,,
,,,UBE3C,LOC116423026,,,
,,,UBLCP1,LOC116423214,,,
,,,UBR1,LOC116423223,,,
,,,Ubr2,LOC116423422,,,
,,,UBR4,LOC116423646,,,
,,,UCHL5,LONP1,,,
,,,Uckl1,LPP,,,
,,,UFL1,LRATD2,,,
,,,UFSP2,LRBA,,,
,,,UGDH,LRG1,,,
,,,UGT2B15,LRP1,,,
,,,UHRF1BP1L,LRPPRC,,,
,,,UMPS,LRRC40,,,
,,,Unc13b,LRRC47,,,
,,,UNC13D,LRRC59,,,
,,,Unc45a,LRRN4,,,
,,,UPF1,LSG1,,,
,,,UPF2,LSM14A,,,
,,,UPRT,LSM2,,,
,,,UQCRC1,LSM4,,,
,,,Uso1,LSM6,,,
,,,Usp14,LSM7,,,
,,,USP15,LUM,,,
,,,USP19,LXN,,,
,,,USP24,LY6H,,,
,,,Usp34,LYG1,,,
,,,USP47,LYN,,,
,,,Usp5,LYPLA1,,,
,,,Usp7,LYPLA2,,,
,,,USP9X,LYZ,,,
,,,UTRN,LZIC,,,
,,,VAMP3,M6PR,,,
,,,VAMP4,MACF1,,,
,,,VARS,MACF1.1,,,
,,,VAT1,MACROD1,,,
,,,VAV1,MAGOH,,,
,,,Vbp1,MALT1,,,
,,,VCAN,MAN1A1,,,
,,,VCL,MAN2A1,,,
,,,VCP,MAN2B1,,,
,,,VCPIP1,MAN2C1,,,
,,,VDAC1,MANF,,,
,,,VDAC2,MAP1B,,,
,,,VDAC3,MAP1S,,,
,,,VNN2,MAP2K1,,,
,,,Vps11,MAP2K2,,,
,,,VPS13C,MAP2K3,,,
,,,VPS16,MAP2K4,,,
,,,Vps18,MAP2K6,,,
,,,Vps26a,MAP3K20,,,
,,,Vps26b,MAP4,,,
,,,VPS29,MAP4K4,,,
,,,Vps33a,MAPK14.1,,,
,,,VPS33B,MAPK3,,,
,,,Vps35,MAPK9,,,
,,,VPS36,MAPKAPK2,,,
,,,VPS39,MAPRE1,,,
,,,VPS41,MAPRE2,,,
,,,VPS4A,MAPRE3,,,
,,,VPS4B,MARCKS,,,
,,,Vps51,MARK2,,,
,,,VPS52,MARS1,,,
,,,Vps8,MAT2A,,,
,,,WARS,MAT2B,,,
,,,Wdfy3,MATR3,,,
,,,WDR1,MB,,,
,,,WDR11,MBNL1,,,
,,,Wdr19,MCCC1,,,
,,,WDR20,MCCC2,,,
,,,Wdr26,MCM2,,,
,,,WDR35,MCM3,,,
,,,Wdr37,MCM4,,,
,,,Wdr47,MCM5,,,
,,,Wdr48,MCM6,,,
,,,WDR61,MCM7,,,
,,,WDR63,MCMBP,,,
,,,WDR66,MCTS1,,,
,,,WDR7,MCU,,,
,,,WDR78,MDH1,,,
,,,WDR91,MDH2,,,
,,,WDR92,ME1,,,
,,,Wnt2,ME2,,,
,,,XPNPEP1,MECR,,,
,,,XPO1,MEIS1,,,
,,,XPO5,MEMO1,,,
,,,XPO7,MEPCE,,,
,,,XPR1,MESD,,,
,,,XRCC5,METAP1,,,
,,,Yars,METTL16,,,
,,,YBX1,METTL3,,,
,,,Yes1,MFAP4,,,
,,,YIF1A,MGAT1,,,
,,,Ykt6,MGAT2,,,
,,,Ypel5,MGLL,,,
,,,YTHDC2,MGST3,,,
,,,YWHAB,MICAL1,,,
,,,Ywhae,MICOS13,,,
,,,Ywhag,MIF,,,
,,,Ywhah,MINDY1,,,
,,,YWHAQ,MINPP1,,,
,,,YWHAZ,MISP3,,,
,,,ZFYVE16,MLEC,,,
,,,ZMPSTE24,MLST8,,,
,,,ZMYND10,MME,,,
,,,ZNFX1,MMP7,,,
,,,ZSWIM8,MMS19,,,
,,,ZW10,MMUT,,,
,,,ZZEF1,MNS1,,,
,,,,MOB1A,,,
,,,,MOB2,,,
,,,,MOCS2,,,
,,,,MON2,,,
,,,,MPC2,,,
,,,,MPDU1,,,
,,,,MPDZ,,,
,,,,MPI,,,
,,,,MPP5,,,
,,,,MPRIP,,,
,,,,MPST,,,
,,,,MPZ,,,
,,,,MRC1,,,
,,,,MRC2,,,
,,,,MRI1,,,
,,,,MSLN,,,
,,,,MSRA,,,
,,,,MSRB3,,,
,,,,MTA2,,,
,,,,MTAP,,,
,,,,MTCH2,,,
,,,,MTHFD1,,,
,,,,MTHFD1L,,,
,,,,MTMR1,,,
,,,,MTMR10,,,
,,,,MTMR12,,,
,,,,MTMR2,,,
,,,,MTMR6,,,
,,,,MTMR9,,,
,,,,MTOR,,,
,,,,MTPN,,,
,,,,MTREX,,,
,,,,MTX3,,,
,,,,MUC5AC,,,
,,,,MVD,,,
,,,,MVK,,,
,,,,MVP,,,
,,,,MYBBP1A,,,
,,,,MYCBP2,,,
,,,,MYDGF,,,
,,,,MYH10,,,
,,,,MYH9,,,
,,,,MYL1,,,
,,,,MYL6,,,
,,,,MYL9,,,
,,,,MYO1B,,,
,,,,MYO1C,,,
,,,,MYO1D,,,
,,,,MYO1E,,,
,,,,MYO5B,,,
,,,,MYO6,,,
,,,,MYO9B,,,
,,,,MYOF,,,
,,,,NAA15,,,
,,,,NAA16,,,
,,,,NAA25,,,
,,,,NAA50,,,
,,,,NACA.1,,,
,,,,NADSYN1,,,
,,,,NAE1,,,
,,,,NAGA,,,
,,,,NAGK,,,
,,,,NAGLU,,,
,,,,NAMPT,,,
,,,,NANP,,,
,,,,NANS,,,
,,,,NAP1L1,,,
,,,,NAP1L4,,,
,,,,NAPA,,,
,,,,NARS1,,,
,,,,NASP,,,
,,,,NAXD,,,
,,,,NBEAL2,,,
,,,,NCBP1,,,
,,,,NCDN,,,
,,,,NCEH1,,,
,,,,NCK1,,,
,,,,NCL,,,
,,,,NCLN,,,
,,,,NCOA2,,,
,,,,NCSTN,,,
,,,,NDRG1,,,
,,,,NDRG2,,,
,,,,NDRG3,,,
,,,,NDRG4,,,
,,,,NDUFA10,,,
,,,,NDUFA13,,,
,,,,NDUFA6,,,
,,,,NDUFA8,,,
,,,,NDUFA9,,,
,,,,NDUFB4,,,
,,,,NDUFB7,,,
,,,,NDUFS1,,,
,,,,NDUFS2,,,
,,,,NDUFS3,,,
,,,,NDUFS4,,,
,,,,NDUFS5,,,
,,,,NDUFS6,,,
,,,,NDUFS7,,,
,,,,NDUFV1,,,
,,,,NECAP1,,,
,,,,NECAP2,,,
,,,,NEDD4L,,,
,,,,NEK7,,,
,,,,NEK9,,,
,,,,NELFB,,,
,,,,NELFCD,,,
,,,,NEXN,,,
,,,,NFKB1,,,
,,,,NFKBIE,,,
,,,,NFS1,,,
,,,,NFYC,,,
,,,,NGLY1,,,
,,,,NHLRC2,,,
,,,,NIBAN1,,,
,,,,NIBAN2,,,
,,,,NID2,,,
,,,,NIF3L1,,,
,,,,NIPSNAP2,,,
,,,,NIT1,,,
,,,,NIT2,,,
,,,,NLN,,,
,,,,NLRX1,,,
,,,,NME2,,,
,,,,NME7,,,
,,,,NMNAT1,,,
,,,,NMRAL1,,,
,,,,NMT1,,,
,,,,NMT2,,,
,,,,NNT,,,
,,,,NOL3,,,
,,,,NONO,,,
,,,,NOP58,,,
,,,,NPC1,,,
,,,,NPEPL1,,,
,,,,NPL,,,
,,,,NPLOC4,,,
,,,,NPM1,,,
,,,,NPTN,,,
,,,,NQO1,,,
,,,,NR3C1,,,
,,,,NRBP1,,,
,,,,NRBP2,,,
,,,,NRDC,,,
,,,,NRIP2,,,
,,,,NSDHL,,,
,,,,NSF,,,
,,,,NSFL1C,,,
,,,,NSUN2,,,
,,,,NT5C,,,
,,,,NT5C3B,,,
,,,,NT5DC1,,,
,,,,NT5E,,,
,,,,NUB1,,,
,,,,NUBP2,,,
,,,,NUCB2,,,
,,,,NUCKS1,,,
,,,,NUDC,,,
,,,,NUDCD1,,,
,,,,NUDCD2,,,
,,,,NUDCD3,,,
,,,,NUDT12,,,
,,,,NUDT2,,,
,,,,NUDT21,,,
,,,,NUDT3,,,
,,,,NUDT5,,,
,,,,NUMA1,,,
,,,,NUMB,,,
,,,,NUP160,,,
,,,,NUP214,,,
,,,,NUP88,,,
,,,,NUP93,,,
,,,,NUTF2,,,
,,,,OARD1,,,
,,,,OAS3,,,
,,,,OAT,,,
,,,,OGDH,,,
,,,,OGFOD1,,,
,,,,OGFR,,,
,,,,OGN,,,
,,,,OGT,,,
,,,,OLA1,,,
,,,,OLFM4,,,
,,,,OPA1,,,
,,,,OPLAH,,,
,,,,OPTN,,,
,,,,ORM1,,,
,,,,OSBP,,,
,,,,OSBPL10,,,
,,,,OSBPL2,,,
,,,,OSBPL3,,,
,,,,OSBPL9,,,
,,,,OSCP1,,,
,,,,OSGEP,,,
,,,,OTUB1,,,
,,,,OTUD4,,,
,,,,OVCA2,,,
,,,,OXCT1,,,
,,,,OXR1,,,
,,,,OXSR1,,,
,,,,P4HA1,,,
,,,,P4HA2,,,
,,,,P4HB,,,
,,,,PA2G4,,,
,,,,PABPC1,,,
,,,,PABPC4,,,
,,,,PACS1,,,
,,,,PACSIN2,,,
,,,,PACSIN3,,,
,,,,PAFAH1B1,,,
,,,,PAFAH1B2,,,
,,,,PAFAH1B3,,,
,,,,PAICS,,,
,,,,PAIP1,,,
,,,,PAK1,,,
,,,,PALD1,,,
,,,,PALLD,,,
,,,,PALM,,,
,,,,PALMD,,,
,,,,PANK2,,,
,,,,PANK4,,,
,,,,PAOX,,,
,,,,PAPOLA,,,
,,,,PAPSS1,,,
,,,,PAPSS2,,,
,,,,PARD3,,,
,,,,PARG,,,
,,,,PARK7,,,
,,,,PARVA,,,
,,,,PC,,,
,,,,PCBP2,,,
,,,,PCCA,,,
,,,,PCCB,,,
,,,,PCMT1,,,
,,,,PCNA,,,
,,,,PCOLCE,,,
,,,,PCTP,,,
,,,,PCYOX1,,,
,,,,PCYT2,,,
,,,,PDAP1,,,
,,,,PDCD10,,,
,,,,PDCD4,,,
,,,,PDCD5,,,
,,,,PDCD6,,,
,,,,PDCD6IP,,,
,,,,PDCL3,,,
,,,,PDE12,,,
,,,,PDE5A,,,
,,,,PDE6D,,,
,,,,PDHA1,,,
,,,,PDHB,,,
,,,,PDIA4,,,
,,,,PDIA6,,,
,,,,PDK3,,,
,,,,PDLIM1,,,
,,,,PDLIM3,,,
,,,,PDLIM4,,,
,,,,PDLIM5,,,
,,,,PDLIM7,,,
,,,,PDP1,,,
,,,,PDPR,,,
,,,,PDXK,,,
,,,,PDXP,,,
,,,,PEA15,,,
,,,,PEAK1,,,
,,,,PEBP1,,,
,,,,PEF1,,,
,,,,PELO,,,
,,,,PELP1,,,
,,,,PEPD,,,
,,,,PEX1,,,
,,,,PEX5,,,
,,,,PEX6,,,
,,,,PFAS,,,
,,,,PFDN2,,,
,,,,PFDN6,,,
,,,,PFKFB2,,,
,,,,PFKFB4,,,
,,,,PFKL,,,
,,,,PFKM,,,
,,,,PFKP,,,
,,,,PFN1,,,
,,,,PFN2,,,
,,,,PGAM1,,,
,,,,PGD,,,
,,,,PGGT1B,,,
,,,,PGK1,,,
,,,,PGLS,,,
,,,,PGM1,,,
,,,,PGM2,,,
,,,,PGM2L1,,,
,,,,PGM3,,,
,,,,PGP,,,
,,,,PGPEP1,,,
,,,,PGR,,,
,,,,PGRMC2,,,
,,,,PHB2,,,
,,,,PHF5A,,,
,,,,PHKA2,,,
,,,,PHKB,,,
,,,,PHLDB1,,,
,,,,PHPT1,,,
,,,,PHYHD1,,,
,,,,PHYKPL,,,
,,,,PI16,,,
,,,,PI4K2A,,,
,,,,PI4KB,,,
,,,,PIBF1,,,
,,,,PICALM.2,,,
,,,,PICK1,,,
,,,,PIGT,,,
,,,,PIK3R4,,,
,,,,PIN1,,,
,,,,PIP4K2A,,,
,,,,PIP4K2C,,,
,,,,PIR,,,
,,,,PITHD1,,,
,,,,PITPNA,,,
,,,,PITPNM1,,,
,,,,PITRM1,,,
,,,,PKN1,,,
,,,,PKN2,,,
,,,,PLA2G4A,,,
,,,,PLAA,,,
,,,,PLBD1,,,
,,,,PLBD2,,,
,,,,PLCB1,,,
,,,,PLCB3,,,
,,,,PLCB4,,,
,,,,PLCD1,,,
,,,,PLCG1,,,
,,,,PLCL1,,,
,,,,PLEC,,,
,,,,PLEK,,,
,,,,PLEKHO2,,,
,,,,PLG,,,
,,,,PLIN2,,,
,,,,PLIN3,,,
,,,,PLOD1,,,
,,,,PLOD3,,,
,,,,PLPBP,,,
,,,,PLRG1,,,
,,,,PLS1,,,
,,,,PLS3,,,
,,,,PLTP,,,
,,,,PLXDC2,,,
,,,,PLXNB2,,,
,,,,PMPCA,,,
,,,,PNP,,,
,,,,POFUT1,,,
,,,,POFUT2,,,
,,,,POLD1,,,
,,,,POLD2,,,
,,,,POLR1C,,,
,,,,POLR2A,,,
,,,,POLR2B,,,
,,,,POLR2H,,,
,,,,POSTN,,,
,,,,PPA1,,,
,,,,PPA2,,,
,,,,PPAT,,,
,,,,PPFIBP1,,,
,,,,PPIA,,,
,,,,PPIB,,,
,,,,PPIF,,,
,,,,PPIH,,,
,,,,PPIP5K2,,,
,,,,PPL,,,
,,,,PPM1A,,,
,,,,PPM1B,,,
,,,,PPM1G,,,
,,,,PPME1,,,
,,,,PPP1CA,,,
,,,,PPP1CB,,,
,,,,PPP1R11,,,
,,,,PPP1R12A,,,
,,,,PPP1R12C,,,
,,,,PPP1R2,,,
,,,,PPP1R21,,,
,,,,PPP1R7.1,,,
,,,,PPP1R8,,,
,,,,PPP2CA,,,
,,,,PPP2R1A,,,
,,,,PPP2R1B,,,
,,,,PPP2R2D,,,
,,,,PPP2R5A,,,
,,,,PPP2R5C,,,
,,,,PPP2R5D,,,
,,,,PPP2R5E,,,
,,,,PPP3CA,,,
,,,,PPP3CB,,,
,,,,PPP4C,,,
,,,,PPP4R1,,,
,,,,PPP4R3A,,,
,,,,PPP4R3B,,,
,,,,PPP5C,,,
,,,,PPP6C,,,
,,,,PPP6R2,,,
,,,,PPP6R3,,,
,,,,PPT1,,,
,,,,PRDX1,,,
,,,,PRDX2,,,
,,,,PRDX3,,,
,,,,PRDX4,,,
,,,,PRDX5,,,
,,,,PRDX6,,,
,,,,PRELP,,,
,,,,PREP,,,
,,,,PRG4,,,
,,,,PRKAA1,,,
,,,,PRKAB1,,,
,,,,PRKAB2,,,
,,,,PRKACA,,,
,,,,PRKAG2,,,
,,,,PRKAR1A,,,
,,,,PRKAR1B,,,
,,,,PRKAR2A,,,
,,,,PRKAR2B,,,
,,,,PRKCD,,,
,,,,PRKCI,,,
,,,,PRKCSH,,,
,,,,PRKCZ,,,
,,,,PRKD1,,,
,,,,PRKD2,,,
,,,,PRKG1,,,
,,,,PRMT1,,,
,,,,PRMT3,,,
,,,,PRMT7,,,
,,,,PROC,,,
,,,,PROS1,,,
,,,,PRPF19,,,
,,,,PRPF39,,,
,,,,PRPF8,,,
,,,,PRPS2,,,
,,,,PRPSAP1,,,
,,,,PRPSAP2,,,
,,,,PRRC1,,,
,,,,PRRC2A,,,
,,,,PRRC2C,,,
,,,,PRUNE1,,,
,,,,PRXL2A,,,
,,,,PSAP,,,
,,,,PSAT1,,,
,,,,PSIP1,,,
,,,,PSMA1,,,
,,,,PSMA2,,,
,,,,PSMA3,,,
,,,,PSMA4,,,
,,,,PSMA5,,,
,,,,PSMA6,,,
,,,,PSMA7,,,
,,,,PSMB1,,,
,,,,PSMB2,,,
,,,,PSMB4,,,
,,,,PSMB6,,,
,,,,PSMB7,,,
,,,,PSMB8,,,
,,,,PSMC1,,,
,,,,PSMC2,,,
,,,,PSMC3,,,
,,,,PSMC4,,,
,,,,PSMC5,,,
,,,,PSMC6,,,
,,,,PSMD1,,,
,,,,PSMD10,,,
,,,,PSMD11,,,
,,,,PSMD13,,,
,,,,PSMD14,,,
,,,,PSMD2,,,
,,,,PSMD4,,,
,,,,PSMD5,,,
,,,,PSMD6,,,
,,,,PSMD7,,,
,,,,PSMD8,,,
,,,,PSMD9,,,
,,,,PSME3,,,
,,,,PSME4,,,
,,,,PSMF1,,,
,,,,PSMG1,,,
,,,,PSMG3,,,
,,,,PSPC1,,,
,,,,PSPH,,,
,,,,PTBP1,,,
,,,,PTBP3,,,
,,,,PTEN,,,
,,,,PTER,,,
,,,,PTGES2,,,
,,,,PTGES3,,,
,,,,PTGR2,,,
,,,,PTGS1,,,
,,,,PTK2,,,
,,,,PTK2B,,,
,,,,PTK7,,,
,,,,PTPA,,,
,,,,PTPN11,,,
,,,,PTPN12,,,
,,,,PTPN13,,,
,,,,PTPN23,,,
,,,,PTPN6,,,
,,,,PTPN9,,,
,,,,PTPRC,,,
,,,,PTRH2,,,
,,,,PUDP,,,
,,,,PUF60,,,
,,,,PUM1,,,
,,,,PUM2,,,
,,,,PURA,,,
,,,,PURB,,,
,,,,PUS1,,,
,,,,PUS10,,,
,,,,PUS7,,,
,,,,PXDN,,,
,,,,PXN,,,
,,,,PYCARD,,,
,,,,PYCR1,,,
,,,,PYCR3,,,
,,,,PYGB,,,
,,,,PYM1,,,
,,,,QARS1,,,
,,,,QDPR,,,
,,,,QKI,,,
,,,,QSOX1,,,
,,,,RAB10,,,
,,,,RAB11A,,,
,,,,RAB11B,,,
,,,,RAB12,,,
,,,,RAB14,,,
,,,,RAB18,,,
,,,,RAB1A,,,
,,,,RAB1B,,,
,,,,RAB21,,,
,,,,RAB22A,,,
,,,,RAB28,,,
,,,,RAB2A,,,
,,,,RAB2B,,,
,,,,RAB34,,,
,,,,RAB35,,,
,,,,RAB3D,,,
,,,,RAB3GAP1,,,
,,,,RAB3GAP2,,,
,,,,RAB3IP,,,
,,,,RAB4A,,,
,,,,RAB5B,,,
,,,,RAB5C,,,
,,,,RAB6A.1,,,
,,,,RAB7A,,,
,,,,RAB8A,,,
,,,,RAB9A,,,
,,,,RABEP1,,,
,,,,RABEP2,,,
,,,,RABEPK,,,
,,,,RABGAP1,,,
,,,,RABGAP1L,,,
,,,,RABGEF1,,,
,,,,RABIF,,,
,,,,RABL6,,,
,,,,RAC1,,,
,,,,RAC2,,,
,,,,RACK1,,,
,,,,RAD23A,,,
,,,,RAD23B,,,
,,,,RAF1,,,
,,,,RAI14,,,
,,,,RALB,,,
,,,,RALGAPB,,,
,,,,RALY,,,
,,,,RAN,,,
,,,,RANBP3,,,
,,,,RANBP9,,,
,,,,RANGAP1,,,
,,,,RAP1A,,,
,,,,RAP1GDS1,,,
,,,,RAP2B,,,
,,,,RAPGEF1,,,
,,,,RARS1,,,
,,,,RAVER1,,,
,,,,RB1CC1,,,
,,,,RBBP4,,,
,,,,RBBP7,,,
,,,,RBBP9,,,
,,,,RBCK1,,,
,,,,RBFA,,,
,,,,RBM10,,,
,,,,RBM39,,,
,,,,RBM47,,,
,,,,RBM7,,,
,,,,RBM8A,,,
,,,,RBMX,,,
,,,,RBP1,,,
,,,,RBP4,,,
,,,,RBP7,,,
,,,,RBPMS,,,
,,,,RBSN,,,
,,,,RCBTB1,,,
,,,,RCBTB2,,,
,,,,RCC2,,,
,,,,RCN1,,,
,,,,RCN3,,,
,,,,RDX,,,
,,,,RELA,,,
,,,,RELCH,,,
,,,,REPS1,,,
,,,,REPS2,,,
,,,,RER1,,,
,,,,REXO2,,,
,,,,RHEB,,,
,,,,RHOA,,,
,,,,RHOC,,,
,,,,RHOG,,,
,,,,RHPN2,,,
,,,,RILPL1,,,
,,,,RING1,,,
,,,,RIPK1,,,
,,,,RNASET2,,,
,,,,RNF112,,,
,,,,RNF123,,,
,,,,RNF20,,,
,,,,RNF214,,,
,,,,RNH1,,,
,,,,RNPEP,,,
,,,,RO60,,,
,,,,ROCK1,,,
,,,,ROCK2,,,
,,,,RPA1,,,
,,,,RPA2,,,
,,,,RPA3,,,
,,,,RPE,,,
,,,,RPIA,,,
,,,,RPL10,,,
,,,,RPL10A,,,
,,,,RPL11,,,
,,,,RPL12,,,
,,,,RPL13,,,
,,,,RPL13A,,,
,,,,RPL14,,,
,,,,RPL15,,,
,,,,RPL18,,,
,,,,RPL18A,,,
,,,,RPL21,,,
,,,,RPL22,,,
,,,,RPL23A,,,
,,,,RPL24,,,
,,,,RPL26,,,
,,,,RPL27,,,
,,,,RPL27A,,,
,,,,RPL3,,,
,,,,RPL30,,,
,,,,RPL31,,,
,,,,RPL32,,,
,,,,RPL35,,,
,,,,RPL36,,,
,,,,RPL37A,,,
,,,,RPL38,,,
,,,,RPL4,,,
,,,,RPL5,,,
,,,,RPL7,,,
,,,,RPL7A,,,
,,,,RPL8,,,
,,,,RPL9,,,
,,,,RPLP0,,,
,,,,RPLP2,,,
,,,,RPN1,,,
,,,,RPN2,,,
,,,,RPRD1A,,,
,,,,RPRD1B,,,
,,,,RPS12,,,
,,,,RPS13,,,
,,,,RPS14,,,
,,,,RPS15,,,
,,,,RPS15A,,,
,,,,RPS16,,,
,,,,RPS19,,,
,,,,RPS2,,,
,,,,RPS20,,,
,,,,RPS21,,,
,,,,RPS24,,,
,,,,RPS25,,,
,,,,RPS26,,,
,,,,RPS27A,,,
,,,,RPS27L,,,
,,,,RPS28,,,
,,,,RPS29,,,
,,,,RPS3,,,
,,,,RPS3A,,,
,,,,RPS4X,,,
,,,,RPS5,,,
,,,,RPS6,,,
,,,,RPS6KA1,,,
,,,,RPS6KA3,,,
,,,,RPS6KA4,,,
,,,,RPS6KB1,,,
,,,,RPS7,,,
,,,,RPS8,,,
,,,,RPSA,,,
,,,,RRAGC,,,
,,,,RRAS,,,
,,,,RRBP1,,,
,,,,RRM1,,,
,,,,RRP12,,,
,,,,RSF1,,,
,,,,RSU1,,,
,,,,RTCA,,,
,,,,RTN3,,,
,,,,RTN4,,,
,,,,RTRAF,,,
,,,,RUFY1,,,
,,,,RUFY2,,,
,,,,RUFY3,,,
,,,,RWDD1,,,
,,,,S100A10,,,
,,,,S100A11,,,
,,,,SAAL1,,,
,,,,SAE1,,,
,,,,SAHAI-12,,,
,,,,SAMD4B,,,
,,,,SAMHD1,,,
,,,,SAMM50,,,
,,,,SAR1A,,,
,,,,SARDH,,,
,,,,SARS1,,,
,,,,SART3,,,
,,,,SAT2,,,
,,,,SBDS,,,
,,,,SBF1,,,
,,,,SBNO1,,,
,,,,SCFD1,,,
,,,,SCIN,,,
,,,,SCLY,,,
,,,,SCP2,,,
,,,,SCPEP1,,,
,,,,SCRIB,,,
,,,,SCRN1,,,
,,,,SCRN3,,,
,,,,SCYL1,,,
,,,,SDCBP,,,
,,,,SDHA,,,
,,,,SDHB,,,
,,,,SEC13,,,
,,,,SEC16A,,,
,,,,SEC22B,,,
,,,,SEC23A,,,
,,,,SEC23B,,,
,,,,SEC23IP,,,
,,,,SEC24A,,,
,,,,SEC24B,,,
,,,,SEC24C,,,
,,,,SEC24D,,,
,,,,SEC61A1,,,
,,,,SEC63,,,
,,,,SELENBP1,,,
,,,,SELENOF,,,
,,,,SELENOP,,,
,,,,SELENOW,,,
,,,,SEPHS1,,,
,,,,SEPSECS,,,
,,,,SEPTIN10,,,
,,,,SEPTIN2,,,
,,,,SEPTIN7,,,
,,,,SEPTIN8,,,
,,,,SEPTIN9,,,
,,,,SERBP1,,,
,,,,SERHL2,,,
,,,,SERPINA10,,,
,,,,SERPINA6,,,
,,,,SERPINB10,,,
,,,,SERPINB5,,,
,,,,SERPINC1,,,
,,,,SERPINE2,,,
,,,,SERPINF1,,,
,,,,SERPINF2,,,
,,,,SERPING1,,,
,,,,SERPINH1,,,
,,,,SET,,,
,,,,SETD3,,,
,,,,SF1,,,
,,,,SF3A2,,,
,,,,SF3A3,,,
,,,,SF3B1,,,
,,,,SF3B2,,,
,,,,SF3B3,,,
,,,,SF3B4,,,
,,,,SFN,,,
,,,,SFPQ,,,
,,,,SFXN1,,,
,,,,SGSH,,,
,,,,SGTA,,,
,,,,SH3BGRL,,,
,,,,SH3BGRL2,,,
,,,,SH3GL1,,,
,,,,SH3GLB1,,,
,,,,SH3GLB2,,,
,,,,SH3KBP1,,,
,,,,SHMT1,,,
,,,,SHMT2,,,
,,,,SHROOM2,,,
,,,,SHTN1,,,
,,,,SIRT5,,,
,,,,SKIV2L,,,
,,,,SKP1,,,
,,,,SLC12A7,,,
,,,,SLC15A1,,,
,,,,SLC16A10,,,
,,,,SLC25A11,,,
,,,,SLC25A12,,,
,,,,SLC25A13,,,
,,,,SLC25A6,,,
,,,,SLC27A1,,,
,,,,SLC39A9,,,
,,,,SLC3A2,,,
,,,,SLC43A1,,,
,,,,SLC44A2,,,
,,,,SLC44A4,,,
,,,,SLC9A1,,,
,,,,SLC9A3R1,,,
,,,,SLC9A3R2,,,
,,,,SLMAP,,,
,,,,SLTM,,,
,,,,SMAD1,,,
,,,,SMAD2,,,
,,,,SMAP1,,,
,,,,SMARCA5,,,
,,,,SMARCC2,,,
,,,,SMARCD2,,,
,,,,SMG8,,,
,,,,SMPD2,,,
,,,,SMPDL3A,,,
,,,,SMPDL3B,,,
,,,,SMS,,,
,,,,SMU1,,,
,,,,SNCG,,,
,,,,SND1,,,
,,,,SNRNP200,,,
,,,,SNRNP40,,,
,,,,SNRNP70,,,
,,,,SNRPA,,,
,,,,SNRPA1,,,
,,,,SNRPD1,,,
,,,,SNRPD2,,,
,,,,SNRPD3,,,
,,,,SNRPE,,,
,,,,SNTB2,,,
,,,,SNU13,,,
,,,,SNW1,,,
,,,,SNX1,,,
,,,,SNX12,,,
,,,,SNX18,,,
,,,,SNX21,,,
,,,,SNX27,,,
,,,,SNX33,,,
,,,,SNX5,,,
,,,,SNX6,,,
,,,,SNX7,,,
,,,,SNX9,,,
,,,,SOD1,,,
,,,,SOD2,,,
,,,,SOD3,,,
,,,,SORBS2,,,
,,,,SORBS3,,,
,,,,SORL1,,,
,,,,SORT1,,,
,,,,SPAG17,,,
,,,,SPAG6,,,
,,,,SPAG7,,,
,,,,SPAG9,,,
,,,,SPARC,,,
,,,,SPATA6L.1,,,
,,,,SPCS2,,,
,,,,SPG21,,,
,,,,SPHKAP,,,
,,,,SPRYD7,,,
,,,,SPTA1,,,
,,,,SPTAN1,,,
,,,,SPTB,,,
,,,,SPTBN1,,,
,,,,SRGAP2,,,
,,,,SRI,,,
,,,,SRM,,,
,,,,SRP54,,,
,,,,SRP68,,,
,,,,SRP72,,,
,,,,SRPK1,,,
,,,,SRPK2,,,
,,,,SRPRA,,,
,,,,SRRM1,,,
,,,,SRRT,,,
,,,,SRSF1,,,
,,,,SRSF10,,,
,,,,SRSF2,,,
,,,,SRSF3,,,
,,,,SRSF4,,,
,,,,SRSF5,,,
,,,,SRSF6,,,
,,,,SRSF7,,,
,,,,SRSF9,,,
,,,,SSB,,,
,,,,SSH3,,,
,,,,SSR1,,,
,,,,SSRP1,,,
,,,,SSU72,,,
,,,,ST13,,,
,,,,STAB1,,,
,,,,STAM,,,
,,,,STAM2,,,
,,,,STAMBP,,,
,,,,STARD10,,,
,,,,STARD5,,,
,,,,STAT1,,,
,,,,STAT2,,,
,,,,STAT3,,,
,,,,STAT5B,,,
,,,,STAT6,,,
,,,,STIM1,,,
,,,,STIP1,,,
,,,,STK10,,,
,,,,STK24,,,
,,,,STK3,,,
,,,,STK36,,,
,,,,STK38,,,
,,,,STK38L,,,
,,,,STK39,,,
,,,,STK4,,,
,,,,STMN1,,,
,,,,STOM,,,
,,,,STOML2,,,
,,,,STRAP,,,
,,,,STRBP,,,
,,,,STRIP1,,,
,,,,STRN,,,
,,,,STRN3,,,
,,,,STT3A,,,
,,,,STT3B,,,
,,,,STUB1,,,
,,,,STX12,,,
,,,,STX7,,,
,,,,STXBP2,,,
,,,,STXBP5,,,
,,,,SUB1,,,
,,,,SUCLA2,,,
,,,,SUCLG1,,,
,,,,SUCLG2,,,
,,,,SUGT1,,,
,,,,SULT2B1,,,
,,,,SUMO2,,,
,,,,SUOX,,,
,,,,SUPT16H,,,
,,,,SUPT5H,,,
,,,,SUPT6H,,,
,,,,SURF4,,,
,,,,SUSD2,,,
,,,,SVIL,,,
,,,,SWAP70,,,
,,,,SYAP1,,,
,,,,SYMPK,,,
,,,,SYNCRIP,,,
,,,,SYNE2,,,
,,,,SYNJ1,,,
,,,,SYPL1,,,
,,,,TAB1,,,
,,,,TACC2,,,
,,,,TACSTD2,,,
,,,,TADA3,,,
,,,,TAF15,,,
,,,,TAGLN,,,
,,,,TAGLN2,,,
,,,,TALDO1,,,
,,,,TARDBP,,,
,,,,TARS1,,,
,,,,TARS3,,,
,,,,TATDN1,,,
,,,,TBC1D1,,,
,,,,TBC1D10B,,,
,,,,TBC1D13,,,
,,,,TBC1D15,,,
,,,,TBC1D17,,,
,,,,TBC1D23,,,
,,,,TBC1D24,,,
,,,,TBC1D4,,,
,,,,TBC1D5,,,
,,,,TBC1D9B,,,
,,,,TBCA,,,
,,,,TBCB,,,
,,,,TBCD,,,
,,,,TBCE,,,
,,,,TBCEL,,,
,,,,TBL1XR1,,,
,,,,TCEA1,,,
,,,,TCF25,,,
,,,,TCP1,,,
,,,,TCP11L1,,,
,,,,TECR,,,
,,,,TFAM,,,
,,,,TFCP2,,,
,,,,TFG,,,
,,,,TGFB1I1,,,
,,,,TGFBI,,,
,,,,TGM2,,,
,,,,TGOLN2,,,
,,,,THADA,,,
,,,,THBD,,,
,,,,THOC3,,,
,,,,THOP1,,,
,,,,THRAP3,,,
,,,,THUMPD1,,,
,,,,THUMPD3,,,
,,,,THY1,,,
,,,,TIA1.1,,,
,,,,TIAL1,,,
,,,,TIMM44,,,
,,,,TIPRL,,,
,,,,TJP1,,,
,,,,TJP2,,,
,,,,TJP3,,,
,,,,TKFC,,,
,,,,TKT,,,
,,,,TLE3,,,
,,,,TLN1,,,
,,,,TLN2,,,
,,,,TM9SF2,,,
,,,,TM9SF3,,,
,,,,TM9SF4,,,
,,,,TMED10,,,
,,,,TMED2,,,
,,,,TMED4,,,
,,,,TMED5,,,
,,,,TMED7,,,
,,,,TMED9,,,
,,,,TMEM30A,,,
,,,,TMEM33,,,
,,,,TMEM43,,,
,,,,TMOD1,,,
,,,,TMOD2,,,
,,,,TMOD3,,,
,,,,TMSB4X,,,
,,,,TMX4,,,
,,,,TNKS1BP1,,,
,,,,TNPO1,,,
,,,,TNPO2,,,
,,,,TNPO3,,,
,,,,TNS1,,,
,,,,TNS3,,,
,,,,TOLLIP,,,
,,,,TOM1,,,
,,,,TOM1L1,,,
,,,,TOM1L2,,,
,,,,TOMM40,,,
,,,,TOMM70,,,
,,,,TOP1,,,
,,,,TOP2B,,,
,,,,TOR1AIP1,,,
,,,,TOR1B,,,
,,,,TP53I3,,,
,,,,TPD52,,,
,,,,TPD52L2,,,
,,,,TPI1,,,
,,,,TPK1,,,
,,,,TPM1.4,,,
,,,,TPM3,,,
,,,,TPM4.1,,,
,,,,TPMT,,,
,,,,TPP1,,,
,,,,TPP2,,,
,,,,TPRG1L,,,
,,,,TPT1,,,
,,,,TRA2A,,,
,,,,TRA2B,,,
,,,,TRADD,,,
,,,,TRAF6,,,
,,,,TRAP1,,,
,,,,TRAPPC1,,,
,,,,TRAPPC10,,,
,,,,TRAPPC11,,,
,,,,TRAPPC4,,,
,,,,TRAPPC6B,,,
,,,,TRIM2,,,
,,,,TRIM23,,,
,,,,TRIM25,,,
,,,,TRIM26,,,
,,,,TRIM28,,,
,,,,TRIM3,,,
,,,,TRIM47,,,
,,,,TRIOBP,,,
,,,,TRIP10,,,
,,,,TRIP12,,,
,,,,TRIP13,,,
,,,,TRMT1,,,
,,,,TRMT112,,,
,,,,TRMT1L,,,
,,,,TRMT61A,,,
,,,,TRNT1,,,
,,,,TSFM,,,
,,,,TSG101,,,
,,,,TSN,,,
,,,,TSNAX,,,
,,,,TSPAN1,,,
,,,,TST,,,
,,,,TSTA3,,,
,,,,TTC1,,,
,,,,TTC26,,,
,,,,TTC27,,,
,,,,TTC37,,,
,,,,TTC39B,,,
,,,,TTC4,,,
,,,,TTC5,,,
,,,,TTC8,,,
,,,,TTC9C,,,
,,,,TTLL12,,,
,,,,TUBB,,,
,,,,TUBB3,,,
,,,,TUBB4B,,,
,,,,TUBG1,,,
,,,,TUBGCP3,,,
,,,,TUFM,,,
,,,,TULP3,,,
,,,,TWF1,,,
,,,,TWF2,,,
,,,,TXLNA,,,
,,,,TXN2,,,
,,,,TXNDC12,,,
,,,,TXNDC17,,,
,,,,TXNDC5,,,
,,,,TXNDC9,,,
,,,,TXNL1,,,
,,,,TXNRD3,,,
,,,,U2AF1,,,
,,,,U2AF2,,,
,,,,U2SURP,,,
,,,,UAP1,,,
,,,,UAP1L1,,,
,,,,UBA1,,,
,,,,UBA2,,,
,,,,UBA3,,,
,,,,UBA5,,,
,,,,UBA6,,,
,,,,UBAC1,,,
,,,,UBE2B,,,
,,,,UBE2D3,,,
,,,,UBE2F,,,
,,,,UBE2G1,,,
,,,,UBE2I,,,
,,,,UBE2K,,,
,,,,UBE2M,,,
,,,,UBE2O,,,
,,,,UBE2V2,,,
,,,,UBE3A,,,
,,,,UBE3C,,,
,,,,UBE4A,,,
,,,,UBE4B,,,
,,,,UBFD1,,,
,,,,UBLCP1,,,
,,,,UBQLN1,,,
,,,,UBR4,,,
,,,,UBR5,,,
,,,,UBR7,,,
,,,,UBXN1,,,
,,,,UBXN4,,,
,,,,UCHL1,,,
,,,,UCHL3,,,
,,,,UCHL3.1,,,
,,,,UCHL5,,,
,,,,UCKL1,,,
,,,,UFC1,,,
,,,,UFL1,,,
,,,,UFM1,,,
,,,,UGDH,,,
,,,,UGGT1,,,
,,,,UGP2,,,
,,,,ULK4,,,
,,,,UNC119B,,,
,,,,UNC45A,,,
,,,,UPF1,,,
,,,,UPF2,,,
,,,,UPK1B,,,
,,,,UPK3B,,,
,,,,UPP1,,,
,,,,URI1,,,
,,,,UROS,,,
,,,,USP10,,,
,,,,USP11,,,
,,,,USP14,,,
,,,,USP15,,,
,,,,USP19,,,
,,,,USP24,,,
,,,,USP34,,,
,,,,USP39,,,
,,,,USP4,,,
,,,,USP47,,,
,,,,USP5,,,
,,,,USP8,,,
,,,,UTRN,,,
,,,,VAC14,,,
,,,,VAMP3,,,
,,,,VAMP7,,,
,,,,VAPA,,,
,,,,VAPB,,,
,,,,VARS1,,,
,,,,VASP,,,
,,,,VAT1,,,
,,,,VBP1,,,
,,,,VCL,,,
,,,,VCP,,,
,,,,VCPIP1,,,
,,,,VDAC1,,,
,,,,VDAC2,,,
,,,,VDAC3,,,
,,,,VILL,,,
,,,,VIM,,,
,,,,VPS11,,,
,,,,VPS13C,,,
,,,,VPS25,,,
,,,,VPS26A,,,
,,,,VPS26B,,,
,,,,VPS26C,,,
,,,,VPS29,,,
,,,,VPS35,,,
,,,,VPS35L,,,
,,,,VPS36,,,
,,,,VPS45,,,
,,,,VPS4A,,,
,,,,VPS4B,,,
,,,,VPS51,,,
,,,,VPS52,,,
,,,,VPS53,,,
,,,,VTA1,,,
,,,,VTN,,,
,,,,VWF,,,
,,,,WARS1,,,
,,,,WASF2,,,
,,,,WASHC1,,,
,,,,WASHC2C,,,
,,,,WASHC5,,,
,,,,WASL,,,
,,,,WBP2,,,
,,,,WDFY1,,,
,,,,WDFY2,,,
,,,,WDR1,,,
,,,,WDR11,,,
,,,,WDR26,,,
,,,,WDR35,,,
,,,,WDR4,,,
,,,,WDR44,,,
,,,,WDR47,,,
,,,,WDR60,,,
,,,,WDR60.1,,,
,,,,WDR61,,,
,,,,WDR63,,,
,,,,WDR66,,,
,,,,WDR7,,,
,,,,WDR77,,,
,,,,WDR81,,,
,,,,WDR82,,,
,,,,WDR91,,,
,,,,WDR92,,,
,,,,WFS1,,,
,,,,WIPI1,,,
,,,,WNK1,,,
,,,,WRAP53,,,
,,,,WRNIP1,,,
,,,,XAF1,,,
,,,,XDH,,,
,,,,XPNPEP1,,,
,,,,XPO1,,,
,,,,XPO4,,,
,,,,XPO5,,,
,,,,XPO7,,,
,,,,XPOT,,,
,,,,XRCC5,,,
,,,,XRCC6,,,
,,,,XRN2,,,
,,,,XYLB,,,
,,,,YAP1,,,
,,,,YARS1,,,
,,,,YBX1,,,
,,,,YES1,,,
,,,,YKT6,,,
,,,,YTHDF3,,,
,,,,YWHAB,,,
,,,,YWHAE,,,
,,,,YWHAG,,,
,,,,YWHAQ,,,
,,,,YWHAZ,,,
,,,,ZC3H15,,,
,,,,ZC3H7B,,,
,,,,ZCCHC8,,,
,,,,ZER1,,,
,,,,ZFAND2B,,,
,,,,ZFPL1,,,
,,,,ZFR,,,
,,,,ZFYVE16,,,
,,,,ZMYND10,,,
,,,,ZNF330,,,
,,,,ZNF358,,,
,,,,ZNF804B,,,
,,,,ZNRD2,,,
,,,,ZPR1,,,
,,,,ZRANB2,,,
,,,,ZWILCH,,,
,,,,ZYX,,,
,,,,ZZEF1,,,